7,conservation,polaritychange,chargechange,hydroindexchange,secondarystruc,asa,sizechange,class
0,4,-1,0,7.0,2,10,0,1
1,4,0,0,2.4,2,10,-1,1
2,4,0,-1,0.4,3,11,0,1
5,4,0,-1,0.4,2,11,0,-1
6,4,0,-1,0.4,2,11,0,-1
8,4,0,0,-0.3,3,10,0,1
9,4,0,-1,-0.3,3,10,0,1
10,4,0,-1,1.0,1,11,-1,-1
11,4,0,0,0.3,2,10,0,-1
12,0,-1,0,2.5,2,10,-1,-1
14,0,1,0,-3.6,2,11,-1,-1
15,0,0,1,-1.0,2,10,1,-1
16,4,0,0,3.7,2,11,-1,-1
17,4,0,0,0.4,2,10,0,-1
18,4,0,0,-0.3,1,10,0,-1
19,4,0,0,5.4,1,11,1,1
20,4,0,1,-1.0,2,12,1,1
21,4,0,0,3.4,2,12,0,-1
22,3,0,0,-0.3,1,11,0,-1
23,3,0,0,-2.7,1,11,-1,-1
24,3,-1,0,5.3,1,10,-1,-1
25,3,-1,0,-0.9,1,11,-1,-1
26,3,-1,0,0.3,1,11,-1,-1
27,3,0,0,-2.8,1,11,0,-1
28,3,0,0,-2.8,1,11,0,-1
29,3,-1,0,2.5,1,11,-1,-1
30,3,0,0,-2.5,1,11,0,-1
32,3,0,1,2.8,2,12,-1,-1
34,4,0,0,-2.4,2,10,-1,-1
36,4,-1,0,3.1,2,10,-1,-1
37,1,-1,0,8.0,2,11,0,1
38,1,-1,0,0.3,2,12,-1,-1
39,1,0,0,-0.1,2,12,-1,-1
40,2,0,0,0.5,2,12,-1,-1
42,1,-1,0,5.0,1,12,-1,-1
44,1,0,0,-0.3,1,12,0,-1
45,1,0,-1,-0.3,1,12,0,-1
46,1,0,1,-0.7,1,12,0,-1
47,1,0,1,-1.3,1,12,1,-1
48,1,0,0,-0.3,1,12,0,-1
49,1,-1,0,2.8,1,12,-1,1
50,4,-1,0,5.3,1,10,-1,-1
51,4,0,0,-0.3,3,10,0,-1
52,4,0,0,-2.7,3,10,-1,-1
53,4,0,0,-0.1,1,10,-1,-1
54,4,-1,0,4.9,1,10,0,-1
55,4,0,0,-2.8,1,10,0,-1
57,4,-1,0,2.5,1,10,-1,-1
58,4,-1,-1,3.5,2,12,-1,-1
59,2,-1,1,2.8,2,12,-1,-1
60,2,-1,1,5.3,2,12,-1,-1
62,1,-1,0,3.1,2,12,-1,-1
64,3,1,-1,-5.3,2,12,1,-1
65,3,1,0,-5.3,2,12,1,-1
66,3,0,0,1.0,2,12,1,-1
67,3,1,-1,-5.3,2,12,1,-1
68,3,1,0,-5.0,2,12,1,-1
69,3,1,0,-2.5,2,12,1,-1
70,3,0,0,2.7,2,12,1,-1
71,3,1,0,-3.1,2,12,1,-1
72,3,0,0,2.4,2,12,1,-1
73,3,0,0,-2.2,2,12,0,-1
74,3,0,0,-2.7,2,12,1,-1
75,3,0,0,0.7,2,12,1,-1
76,3,0,0,-3.4,2,12,0,-1
77,4,1,0,-7.3,1,12,0,-1
78,4,0,0,2.2,1,11,0,-1
79,4,1,0,-0.4,1,11,0,-1
80,4,1,0,-3.1,1,11,1,-1
81,4,1,-1,-3.1,1,11,1,-1
82,4,1,1,-3.5,1,11,1,-1
83,4,1,1,-4.1,1,11,1,-1
84,4,1,0,-2.8,1,11,1,-1
85,3,0,0,-2.4,1,11,-1,-1
87,4,0,-1,0.0,1,10,0,-1
89,4,1,0,-4.9,2,11,0,-1
90,4,0,0,-2.7,3,10,-1,-1
91,4,0,0,4.6,3,10,1,-1
92,4,-1,1,5.3,3,11,-1,-1
93,2,0,0,-2.7,3,12,-1,-1
94,2,1,0,-5.2,3,12,0,-1
95,4,-1,0,5.3,1,10,-1,-1
96,4,0,-1,0.0,1,10,0,1
97,2,0,0,-0.6,1,12,1,-1
99,4,0,-1,3.7,1,10,-1,-1
101,4,-1,1,5.3,3,10,-1,-1
102,4,0,1,0.0,3,10,0,-1
103,4,0,0,-0.3,1,10,0,-1
104,4,0,0,-2.7,1,10,-1,-1
105,4,-1,0,5.3,1,11,-1,-1
107,4,0,0,0.6,1,10,-1,-1
108,3,-1,0,5.3,1,11,-1,-1
109,3,0,0,-4.9,3,10,-1,-1
110,3,1,0,-4.5,3,10,0,-1
111,4,0,1,0.0,1,11,0,-1
112,2,1,0,-0.4,1,11,-1,-1
113,2,0,0,3.7,1,11,-1,-1
114,2,0,0,4.7,1,11,-1,-1
115,4,-1,0,4.9,3,10,0,-1
116,4,-1,0,0.3,1,12,-1,-1
117,3,-1,0,4.9,1,12,0,-1
118,1,0,0,-0.6,3,12,1,1
119,2,0,0,-0.3,1,12,0,-1
120,2,0,0,-2.7,1,12,-1,-1
121,2,-1,-1,6.3,1,12,-1,-1
122,4,0,0,3.4,1,11,0,-1
123,4,0,0,-1.0,2,10,-1,-1
124,4,0,0,-2.0,2,12,-1,-1
125,4,-1,1,5.3,1,10,-1,-1
126,3,0,0,3.4,1,11,0,-1
127,3,-1,0,3.1,1,11,-1,-1
128,4,0,0,2.2,1,11,0,-1
130,1,0,0,-2.7,3,11,-1,-1
131,3,0,0,-2.7,3,12,-1,-1
133,4,0,0,-1.0,3,10,-1,-1
134,4,-1,0,3.1,3,10,-1,-1
135,4,-1,0,5.3,3,10,-1,-1
136,4,0,0,2.2,1,11,0,-1
137,2,-1,0,5.3,3,11,-1,-1
138,3,0,0,-2.4,3,11,-1,-1
139,4,-1,0,0.9,3,10,-1,-1
141,4,1,0,-0.4,1,10,0,-1
142,4,0,0,2.2,1,10,0,-1
144,2,-1,-1,6.3,1,12,-1,-1
145,4,-1,0,3.1,1,10,-1,-1
148,4,0,0,-1.0,3,10,-1,-1
149,2,-1,0,2.6,1,10,0,-1
150,2,0,0,-0.1,2,11,-1,-1
151,1,-1,1,5.3,2,12,-1,-1
152,4,0,0,3.7,2,10,-1,-1
153,4,-1,0,5.3,2,12,-1,1
154,4,-1,0,3.1,2,12,-1,-1
156,4,-1,1,5.3,2,11,-1,-1
157,4,-1,1,2.8,2,11,-1,-1
158,4,1,1,-6.7,1,10,-1,-1
159,4,1,1,-5.7,2,10,1,-1
160,4,0,0,-0.1,2,10,-1,-1
162,4,0,-1,0.4,1,11,0,-1
163,4,1,0,-0.4,1,10,0,-1
164,4,0,0,3.4,1,10,0,-1
165,4,0,0,0.4,3,10,0,1
166,4,0,0,-0.3,1,10,0,1
167,0,0,0,-2.4,3,10,-1,1
168,4,0,0,-2.2,3,10,0,1
169,4,0,0,-2.4,3,10,-1,1
172,3,0,-1,0.4,3,12,0,-1
173,3,0,-1,0.4,3,12,0,-1
174,4,0,1,-0.4,3,11,0,-1
176,4,0,-1,0.4,1,12,0,-1
177,4,0,1,-0.4,3,11,0,-1
178,4,0,1,0.0,3,11,0,-1
179,4,1,0,-7.7,3,10,0,-1
180,4,0,0,0.3,3,10,0,-1
181,4,0,1,-0.4,1,12,0,-1
182,4,0,1,0.0,1,12,0,-1
184,4,0,1,0.0,3,12,0,-1
185,4,0,1,-0.4,3,11,0,-1
186,4,0,1,-0.4,1,12,0,1
187,4,0,1,0.0,1,12,0,-1
188,4,0,1,-0.4,1,12,0,1
189,4,0,1,0.0,1,12,0,1
190,4,0,1,0.0,3,12,0,1
191,3,0,1,-0.4,1,12,0,1
192,3,0,-1,0.0,1,12,0,1
193,4,0,-1,0.4,1,12,0,-1
194,4,0,-1,0.4,1,12,0,-1
195,4,1,0,-4.9,2,11,0,-1
196,4,0,0,-4.6,2,11,-1,-1
197,0,-1,0,2.8,1,12,-1,-1
198,4,0,0,-0.7,1,10,0,-1
199,2,1,0,-2.6,2,10,0,-1
200,4,1,1,-8.1,2,10,0,-1
201,1,0,0,0.3,2,10,0,1
202,4,0,0,2.4,2,10,1,-1
203,4,0,0,2.0,2,10,1,-1
204,4,0,0,-2.0,3,10,-1,-1
205,4,0,0,-2.7,2,10,-1,-1
206,4,0,0,-2.4,3,10,-1,-1
207,4,0,0,-0.3,3,10,0,-1
208,3,0,0,-0.3,3,10,0,-1
210,4,0,0,-2.4,1,10,-1,-1
211,3,0,1,-0.4,1,12,0,-1
213,3,0,0,-2.4,2,10,-1,-1
214,3,-1,0,4.9,2,10,0,1
215,3,-1,0,5.2,2,10,0,1
216,4,1,0,-2.6,2,10,0,-1
217,4,0,0,0.3,1,10,0,-1
218,4,0,1,0.0,1,11,0,1
219,2,-1,0,2.5,3,10,-1,-1
220,2,-1,0,4.5,3,10,0,-1
221,2,0,0,-2.8,3,10,0,-1
222,2,-1,0,0.3,3,10,-1,-1
224,4,-1,-1,3.5,2,11,-1,-1
225,4,-1,-1,8.1,2,11,0,1
226,4,1,1,-6.3,3,11,1,1
227,4,1,0,-5.1,3,11,1,1
228,3,0,0,-0.7,1,10,-1,-1
229,4,0,0,0.3,2,10,0,1
231,4,-1,0,4.1,2,11,0,-1
232,3,-1,0,4.1,1,11,0,1
233,4,-1,0,4.1,1,10,0,-1
234,4,-1,0,4.1,1,10,0,-1
235,4,-1,0,4.1,3,10,0,-1
236,0,-1,0,4.1,3,10,0,-1
237,4,-1,0,4.1,3,10,0,-1
238,4,0,0,-2.4,1,12,-1,-1
239,4,1,0,-7.7,1,12,0,-1
240,4,1,0,-4.9,1,12,0,-1
241,4,0,0,-2.4,2,11,-1,-1
242,4,1,0,-7.7,2,11,0,-1
243,4,1,0,-4.9,2,11,0,-1
244,4,0,0,-0.7,2,11,0,-1
246,4,0,1,2.8,2,12,0,1
247,4,-1,1,8.0,2,12,0,1
248,4,-1,1,2.6,2,12,1,1
250,4,-1,1,6.3,2,12,1,-1
251,4,-1,1,7.7,2,12,0,1
252,4,0,1,0.0,2,12,0,-1
253,4,0,1,-0.4,2,12,0,-1
254,4,-1,1,2.8,2,12,-1,-1
255,4,0,1,0.3,2,12,0,-1
256,4,-1,1,1.9,2,12,-1,-1
257,4,0,0,-1.7,1,12,1,-1
258,4,0,0,-0.7,1,12,0,-1
259,4,0,0,-0.3,1,12,0,-1
261,4,0,0,0.0,2,11,0,-1
262,4,0,0,2.8,2,11,0,-1
263,4,0,0,2.7,2,11,-1,-1
264,4,0,0,-2.0,1,10,-1,-1
265,4,1,0,-7.3,1,10,0,-1
266,4,1,0,-4.5,1,10,0,-1
267,4,1,0,-4.6,1,10,-1,-1
268,4,-1,0,-0.9,2,11,-1,-1
269,3,0,0,-5.8,2,11,-1,-1
270,4,-1,1,1.9,2,12,-1,-1
271,4,-1,1,5.3,3,12,-1,-1
272,4,-1,1,5.3,1,12,-1,1
273,4,-1,0,2.5,1,12,-1,-1
274,4,-1,-1,5.7,1,10,-1,-1
276,4,-1,0,4.5,3,10,0,1
277,4,0,1,-3.8,3,10,1,1
278,4,0,0,-2.8,3,10,0,1
279,4,0,0,-2.5,3,10,0,1
280,4,0,0,-2.8,3,10,0,1
282,4,0,-1,-2.8,3,10,0,1
283,4,0,-1,-2.8,3,10,0,1
284,4,-1,0,0.3,3,10,-1,1
285,4,0,-1,-2.7,1,10,1,1
286,4,-1,0,2.6,1,10,0,-1
287,4,0,0,1.0,3,10,1,-1
288,0,1,0,-4.9,1,10,0,-1
289,4,0,1,-0.4,2,12,0,-1
290,4,-1,0,4.9,2,10,0,-1
291,0,0,1,0.3,1,12,0,1
292,4,-1,1,5.3,1,10,-1,-1
293,4,1,0,-4.9,3,10,0,-1
294,4,0,-1,0.0,1,10,0,-1
295,4,0,0,2.7,1,10,-1,-1
296,4,0,1,-0.4,1,10,-1,-1
297,4,0,1,-0.4,1,12,0,-1
298,3,1,0,-4.9,1,10,0,-1
299,4,-1,0,4.1,1,10,0,-1
300,4,-1,0,4.1,1,10,0,-1
301,4,0,1,0.0,3,10,0,-1
302,4,-1,0,4.1,3,10,0,-1
303,4,-1,0,4.9,3,10,0,-1
304,4,1,0,-4.9,1,10,0,-1
305,4,-1,0,4.9,1,11,0,-1
306,4,-1,-1,6.3,1,10,-1,-1
307,4,0,1,2.2,3,10,1,1
308,4,-1,1,8.0,3,10,0,1
309,4,0,1,-1.0,3,10,1,1
310,4,-1,1,7.3,3,10,0,1
311,4,0,1,-0.4,3,10,0,1
312,4,-1,1,2.6,3,10,1,1
313,4,0,1,0.3,3,10,0,1
314,4,0,1,0.0,3,10,0,1
315,4,-1,1,5.3,3,10,-1,1
316,4,-1,1,6.3,3,10,1,1
317,4,-1,0,4.1,3,10,0,-1
318,0,-1,0,4.1,3,10,0,-1
321,1,-1,0,5.3,3,11,-1,-1
323,2,-1,0,2.6,1,11,0,-1
324,2,-1,0,2.6,2,11,0,1
325,2,0,0,0.7,2,12,1,-1
326,2,0,0,1.0,2,12,1,-1
327,2,0,0,-2.2,2,12,0,-1
328,2,1,1,-5.7,2,12,1,-1
329,2,1,0,-2.5,2,12,1,-1
330,2,0,0,2.4,2,12,1,-1
331,2,1,-1,-5.3,2,12,1,-1
332,2,1,-1,-5.3,2,12,1,-1
333,4,-1,0,4.1,3,10,0,1
334,3,-1,0,4.1,3,10,0,-1
335,3,-1,0,2.6,1,12,0,-1
336,4,-1,0,4.1,1,10,0,-1
337,0,-1,0,5.3,1,10,-1,-1
338,4,-1,1,3.1,1,12,-1,1
339,4,0,1,0.0,1,12,0,1
340,4,0,0,0.0,1,12,0,1
341,4,0,1,2.8,1,12,-1,1
342,4,0,1,-0.4,1,12,0,1
343,4,0,1,0.3,1,12,0,1
344,4,-1,1,0.0,1,12,0,1
345,4,0,1,-1.0,1,12,1,1
346,4,0,1,0.0,1,12,0,1
347,4,-1,1,5.4,1,12,0,1
348,4,-1,1,8.0,1,12,0,-1
349,4,-1,1,1.9,1,12,-1,-1
350,4,0,0,0.4,2,10,0,-1
351,4,0,0,-2.0,2,10,-1,-1
352,2,1,0,-2.6,2,11,0,-1
353,4,1,0,-2.6,2,11,0,-1
354,4,0,0,1.0,3,10,-1,-1
356,4,0,0,-1.0,3,10,-1,-1
358,4,0,0,-4.6,3,10,-1,-1
359,4,0,0,-2.4,2,10,-1,-1
360,4,0,0,-4.6,2,10,-1,-1
362,4,0,0,0.3,2,10,0,-1
363,4,0,0,-2.4,2,10,-1,-1
364,4,0,0,-4.6,2,10,-1,-1
365,4,0,0,-0.4,2,10,0,-1
366,4,0,0,0.3,2,10,0,-1
367,3,0,0,-2.4,3,10,-1,-1
368,3,0,0,-4.6,3,10,-1,-1
370,4,0,0,-0.3,3,10,0,-1
371,4,0,0,-2.7,3,10,-1,-1
372,4,0,0,-4.9,3,10,-1,-1
373,4,0,0,3.4,1,12,0,-1
375,4,0,0,1.2,1,12,0,-1
378,4,-1,0,0.9,3,10,-1,-1
379,4,0,0,-0.3,1,10,0,-1
380,4,0,0,-2.7,1,10,-1,-1
381,4,0,0,-0.7,1,10,0,-1
382,4,0,0,-2.7,3,10,-1,-1
384,4,0,0,-2.4,3,10,-1,-1
385,4,0,0,-4.6,3,10,-1,-1
386,4,0,0,-0.4,3,10,0,-1
389,4,0,0,3.4,1,12,0,-1
390,4,0,0,1.2,1,12,0,-1
391,4,0,0,-2.4,3,10,-1,-1
392,4,0,0,-4.6,3,10,-1,-1
394,4,0,0,-4.6,3,10,-1,-1
396,4,-1,1,5.3,3,10,-1,-1
397,4,1,1,-8.3,2,12,1,1
398,4,1,0,-5.0,3,10,-1,-1
399,4,1,0,-7.4,3,10,0,-1
400,4,0,0,0.3,3,10,0,-1
401,4,1,1,-8.7,3,10,1,-1
403,0,0,0,0.3,1,11,0,-1
404,0,0,1,-0.4,3,11,0,-1
405,0,0,1,0.0,3,11,0,-1
406,4,0,0,-4.9,3,11,-1,-1
407,4,0,0,-1.4,3,10,1,-1
408,4,0,0,-2.0,3,10,-1,-1
409,4,0,0,-0.1,3,11,-1,-1
410,4,0,0,-2.0,3,10,-1,-1
411,4,0,0,-4.2,3,10,-1,-1
412,4,0,0,-2.0,1,10,-1,-1
413,4,0,0,-4.2,1,10,-1,-1
414,4,0,0,-2.2,2,11,0,-1
415,4,0,0,2.4,2,11,1,-1
416,4,0,0,-1.0,2,11,-1,-1
418,4,-1,0,2.5,2,10,-1,-1
419,4,-1,0,0.3,2,10,-1,-1
420,4,0,0,-0.4,2,10,0,1
421,4,-1,1,5.3,3,11,-1,-1
423,4,0,0,-3.2,3,10,-1,-1
424,4,-1,1,5.3,1,10,-1,-1
425,4,-1,1,3.1,1,10,-1,-1
426,4,1,0,-0.4,1,10,0,-1
427,0,-1,1,5.3,1,10,-1,-1
428,0,-1,1,3.1,1,10,-1,-1
429,0,0,0,4.6,3,10,1,1
430,0,0,0,-1.0,3,10,1,-1
431,0,1,0,-2.6,3,10,0,-1
432,0,0,0,0.5,3,10,-1,-1
433,0,-1,1,5.3,1,12,-1,-1
434,0,-1,1,3.1,1,12,-1,-1
436,0,0,-1,0.0,3,10,0,-1
437,0,-1,0,7.0,2,11,0,1
438,0,0,0,3.7,1,11,-1,-1
439,0,1,0,-0.4,1,11,-1,-1
440,0,0,0,4.7,1,11,-1,-1
441,0,0,0,0.4,3,11,0,1
442,4,-1,1,6.3,3,10,1,1
443,4,0,1,0.0,3,10,0,-1
444,0,1,0,-5.1,3,11,1,1
445,0,1,1,-8.3,3,11,1,-1
446,0,0,0,-4.7,3,11,1,1
447,0,0,0,-0.6,3,10,0,-1
448,0,0,0,1.3,3,10,0,-1
449,0,1,0,-3.3,3,10,-1,-1
450,0,1,0,-3.4,3,10,0,-1
451,2,0,0,-2.4,3,10,-1,-1
454,2,0,0,-2.3,3,10,0,-1
456,2,1,0,-4.9,3,10,0,-1
457,0,0,1,0.0,1,11,0,-1
458,0,-1,1,0.0,1,11,0,-1
459,4,0,0,-2.0,1,11,-1,-1
460,4,0,0,-1.3,1,11,0,-1
461,4,0,0,0.7,1,11,0,-1
462,4,1,0,-4.5,1,11,0,-1
464,0,-1,1,6.0,1,12,0,-1
466,3,1,0,-4.9,3,11,0,-1
467,0,0,0,-2.4,3,10,-1,-1
468,0,0,0,-0.4,3,10,0,-1
469,0,1,0,-4.9,3,10,0,-1
470,1,1,0,-5.2,3,10,0,-1
472,1,0,0,-0.3,3,10,0,-1
473,1,0,0,-2.6,3,10,0,-1
474,1,0,0,-1.7,3,10,1,-1
475,1,0,0,-2.7,3,10,-1,-1
476,4,0,0,-2.0,3,10,-1,-1
477,4,0,0,-1.3,3,10,0,-1
478,4,0,0,0.7,3,10,0,-1
479,4,1,0,-4.5,3,10,0,-1
481,1,0,1,0.3,1,10,0,-1
482,3,-1,0,4.9,3,10,0,1
483,1,0,0,-1.7,3,10,0,-1
484,1,1,0,-4.9,3,10,0,-1
485,0,0,0,-5.4,2,11,-1,-1
486,4,-1,0,3.3,2,10,1,-1
487,4,0,0,0.1,2,10,1,-1
488,2,0,0,1.0,3,10,-1,-1
489,2,0,0,1.4,3,10,-1,-1
490,0,0,-1,0.7,3,11,0,-1
491,3,0,0,-1.7,3,11,0,-1
492,3,0,0,-5.8,3,11,-1,-1
493,3,1,0,-4.9,3,11,0,-1
494,0,0,0,2.6,3,11,0,1
495,0,0,0,2.3,3,11,0,1
496,0,0,0,-0.1,3,11,-1,-1
497,0,0,0,1.9,3,11,0,-1
498,0,0,0,-2.0,3,10,0,-1
499,0,1,0,-5.2,3,10,0,-1
500,0,0,0,-0.3,3,10,0,-1
501,0,0,0,-1.3,1,10,0,-1
502,0,1,0,-4.5,1,10,0,-1
503,0,-1,-1,7.0,1,10,-1,-1
504,4,-1,1,5.3,3,10,-1,1
505,4,-1,1,7.7,3,10,0,1
507,4,-1,1,7.3,3,10,0,1
508,4,-1,1,1.9,3,10,-1,1
509,4,-1,1,2.6,3,10,1,-1
510,4,0,1,0.3,3,10,0,1
511,4,0,1,0.0,3,10,0,1
512,4,-1,1,5.4,3,10,0,1
515,0,0,0,-0.5,2,11,1,-1
516,4,0,0,-1.0,2,10,-1,-1
517,4,0,0,-2.2,2,10,0,-1
518,4,0,0,-2.4,2,10,-1,-1
519,4,0,0,-2.0,1,10,-1,-1
520,4,0,0,3.4,1,10,0,-1
521,4,0,1,0.3,2,12,0,-1
522,4,0,0,-2.0,2,11,-1,-1
523,4,-1,0,3.1,2,11,-1,-1
524,4,-1,0,4.1,2,11,0,-1
525,4,0,0,-2.2,2,11,-1,-1
527,4,-1,-1,5.7,2,11,-1,-1
528,4,0,0,-0.6,2,11,1,-1
529,4,0,-1,0.4,2,11,0,-1
530,4,-1,0,5.3,2,10,-1,-1
531,4,0,0,-2.2,2,10,0,-1
534,4,-1,-1,5.7,2,11,-1,-1
535,4,-1,0,3.1,2,10,-1,-1
536,4,0,0,-2.4,2,10,-1,-1
537,4,0,0,-2.0,2,10,-1,-1
538,0,0,0,-5.4,3,10,-1,1
539,4,0,0,0.4,3,10,0,-1
540,0,1,0,-3.3,1,10,-1,-1
542,0,0,0,-0.4,1,10,0,-1
544,2,0,0,0.3,3,10,0,-1
545,0,0,0,-2.5,2,11,0,-1
546,0,0,-1,0.0,1,11,0,-1
547,0,0,0,-1.7,2,10,1,-1
548,4,-1,-1,5.7,1,11,-1,-1
550,4,-1,0,0.3,1,11,-1,-1
551,4,-1,0,2.5,1,11,-1,-1
552,4,0,0,3.4,2,11,0,-1
553,4,0,1,0.0,2,11,0,-1
554,4,0,0,0.0,2,12,0,-1
556,3,0,0,0.0,2,12,0,-1
557,3,0,1,0.0,2,12,0,-1
558,4,0,0,-2.2,2,10,0,-1
560,3,-1,-1,3.5,2,12,-1,-1
561,4,0,0,-2.0,2,11,-1,-1
562,4,0,0,-4.2,2,11,-1,-1
563,2,-1,0,3.1,2,12,-1,-1
565,3,-1,-1,3.5,1,10,-1,-1
566,4,0,0,-2.7,3,10,-1,-1
567,2,0,0,-4.9,3,10,-1,-1
568,2,1,0,-5.2,3,10,0,-1
569,2,0,0,-2.7,3,10,-1,-1
571,3,0,0,0.4,3,10,0,-1
572,3,0,0,-4.6,1,10,-1,-1
573,3,0,0,-2.4,1,10,-1,-1
574,3,1,0,-4.9,1,10,0,-1
575,2,-1,0,4.9,1,10,0,-1
576,2,0,0,-2.4,1,11,-1,-1
578,2,-1,1,5.3,1,12,-1,-1
579,4,-1,-1,6.3,1,10,-1,-1
580,2,-1,1,5.3,1,11,-1,-1
581,4,0,0,-2.4,3,10,-1,-1
582,2,0,0,-2.0,3,10,-1,-1
583,4,0,0,1.4,3,10,-1,-1
586,4,-1,1,5.3,1,10,-1,-1
588,1,-1,0,5.3,3,10,-1,-1
589,2,0,0,-2.7,3,10,-1,-1
591,2,0,0,-2.4,1,10,-1,-1
592,2,0,0,-4.6,1,10,-1,-1
593,4,0,0,3.4,1,10,0,-1
594,3,1,0,-4.9,3,10,0,-1
595,3,0,0,-2.4,3,10,-1,-1
596,3,0,0,-4.6,3,10,-1,-1
597,4,0,-1,-2.7,1,11,1,1
598,4,0,0,-0.1,2,10,-1,-1
599,4,0,0,1.9,2,10,0,-1
601,4,0,0,-2.7,3,10,-1,-1
602,4,0,1,0.0,1,11,0,1
603,4,0,1,2.8,1,11,0,1
604,4,0,1,2.8,1,11,-1,1
606,4,0,0,-0.1,3,10,-1,1
608,4,0,0,2.2,3,10,0,-1
612,4,0,0,-2.0,2,11,-1,-1
613,4,1,0,-2.6,2,10,0,-1
614,4,1,0,-2.6,2,10,0,-1
615,4,1,1,-5.7,2,10,1,-1
616,4,-1,-1,5.7,2,11,-1,-1
618,4,-1,0,-0.8,2,11,0,-1
619,4,0,0,-2.0,2,10,-1,-1
620,4,-1,1,5.3,2,10,-1,-1
621,4,-1,-1,5.7,2,12,-1,-1
623,4,0,0,-2.7,2,10,-1,-1
624,4,1,0,-5.2,1,10,0,-1
625,4,0,0,-2.7,1,10,-1,-1
626,4,0,0,-2.8,1,11,0,-1
627,4,0,-1,-2.8,1,11,0,-1
628,4,-1,0,0.3,1,11,-1,-1
629,4,-1,0,4.9,1,11,0,-1
630,4,-1,0,2.5,1,11,-1,-1
632,4,0,0,-1.0,2,10,-1,-1
633,4,-1,0,1.9,2,12,-1,-1
634,4,0,0,-2.4,2,10,-1,-1
635,4,-1,1,1.9,2,11,-1,-1
636,4,0,0,-3.4,2,10,0,-1
637,4,1,0,-4.9,2,10,0,-1
638,4,0,0,-2.6,2,10,0,-1
640,4,0,0,-0.3,2,10,0,-1
641,4,0,0,-1.9,2,10,0,-1
642,4,0,0,-2.0,2,10,-1,-1
643,4,1,0,-4.9,2,10,0,-1
644,4,0,0,-2.4,2,10,-1,-1
645,4,0,0,-2.4,2,10,1,-1
646,4,0,0,-1.9,1,10,0,-1
649,4,0,0,-2.4,2,10,-1,-1
651,4,0,0,0.4,2,10,0,-1
652,4,0,0,0.7,2,10,0,-1
653,4,0,0,-1.9,2,10,0,-1
654,4,0,0,-2.0,2,10,-1,-1
655,4,0,0,-4.2,2,10,-1,-1
656,4,0,0,-2.6,2,10,0,-1
657,4,0,0,-2.7,2,10,-1,-1
658,4,-1,0,5.3,2,10,-1,-1
660,4,0,0,1.9,2,10,0,-1
662,4,0,0,-2.4,2,10,-1,-1
663,4,0,0,0.3,2,10,0,-1
664,4,0,0,-1.0,2,10,-1,-1
665,4,-1,0,5.4,2,11,0,-1
667,4,0,0,1.9,2,11,0,1
668,4,1,1,-5.8,2,11,0,-1
669,4,-1,1,7.7,2,11,0,1
670,4,0,-1,-2.8,2,12,0,1
671,4,0,0,-1.4,2,10,1,-1
672,4,0,0,0.3,2,10,0,-1
673,4,0,0,-2.4,2,10,-1,-1
675,4,0,0,-1.9,2,10,0,-1
676,4,0,0,-2.0,2,10,-1,-1
677,4,0,0,0.7,2,10,0,-1
679,4,1,1,-5.8,2,10,0,-1
680,4,0,0,-1.9,2,10,0,-1
681,4,0,0,-2.0,2,10,-1,-1
682,4,0,0,2.0,2,10,1,-1
683,4,0,0,0.1,2,10,1,-1
684,4,1,0,-2.6,2,10,0,-1
685,4,1,-1,-7.3,2,10,0,-1
686,4,0,-1,0.0,2,12,0,1
687,4,1,0,-5.0,2,10,-1,-1
690,4,0,0,-2.4,2,10,-1,-1
691,4,-1,0,2.5,2,10,-1,-1
692,4,-1,0,3.2,2,10,0,-1
693,4,0,0,-1.0,2,10,-1,-1
694,4,0,0,1.4,2,10,-1,-1
695,4,0,0,-0.9,2,10,-1,-1
696,4,0,0,-2.2,1,11,0,-1
697,0,0,0,-2.2,3,11,-1,-1
698,4,-1,0,4.1,1,10,0,-1
700,4,-1,0,5.0,1,10,1,-1
701,4,0,0,-2.7,1,10,1,-1
702,4,0,0,0.0,2,11,0,-1
703,4,0,1,2.7,2,11,-1,-1
704,4,0,1,2.8,2,11,0,-1
706,4,0,0,-4.6,3,10,-1,-1
707,4,0,0,2.9,2,12,1,-1
708,0,0,0,-2.2,2,10,0,-1
709,0,0,-1,-2.2,2,11,-1,-1
710,0,-1,0,5.2,2,11,0,1
711,4,0,0,-2.4,3,10,-1,-1
712,4,0,0,-4.6,3,10,-1,-1
713,4,0,0,-1.4,3,10,1,-1
716,4,0,0,-2.3,3,10,0,-1
717,0,1,-1,-5.4,1,12,0,1
718,0,1,-1,-5.4,1,12,0,1
719,0,0,0,2.3,1,12,0,-1
720,0,0,0,1.9,1,12,0,-1
721,0,0,0,2.6,1,12,0,-1
723,0,0,0,-0.1,2,10,-1,-1
725,0,0,0,2.6,2,10,0,-1
727,2,1,0,-3.1,1,11,1,-1
728,4,1,0,-1.6,1,12,1,-1
729,4,0,0,-0.7,2,10,-1,-1
730,2,0,-1,0.0,1,11,0,1
731,2,1,0,-2.6,1,10,0,-1
732,4,-1,0,7.3,2,11,0,1
733,1,-1,0,5.5,1,12,-1,1
734,1,-1,0,5.1,1,12,-1,1
735,1,0,0,-2.2,1,12,-1,1
736,1,0,0,-1.9,1,12,-1,1
737,1,-1,0,3.8,1,12,-1,1
739,2,0,0,0.3,3,10,0,-1
740,0,0,-1,0.0,2,12,0,-1
741,0,0,0,-2.5,2,11,0,-1
742,0,0,0,-2.5,1,10,0,-1
743,0,0,-1,0.0,1,11,0,-1
744,0,0,0,-1.7,2,10,1,-1
745,4,0,-1,-0.3,1,12,0,-1
746,4,0,1,0.3,3,10,0,-1
747,4,0,0,4.6,1,10,1,-1
748,4,0,0,1.0,1,10,-1,-1
749,4,-1,0,2.5,1,10,-1,-1
752,4,0,0,2.5,3,10,0,-1
753,0,-1,0,5.1,1,12,-1,-1
754,0,0,0,0.5,1,12,-1,-1
755,0,1,0,-3.3,1,10,-1,1
757,0,0,0,0.3,3,10,0,1
759,3,-1,1,3.1,2,12,-1,-1
760,3,-1,1,3.1,2,12,-1,-1
761,3,0,0,-2.0,2,10,-1,-1
762,0,-1,0,2.5,2,12,-1,-1
763,4,-1,0,0.3,1,10,-1,-1
764,4,0,0,-0.3,3,10,0,-1
765,4,0,0,2.2,3,10,0,-1
766,4,0,0,2.2,3,10,0,-1
767,4,0,0,4.6,3,10,1,-1
768,4,0,1,0.0,3,11,0,-1
769,4,-1,-1,6.4,1,10,-1,-1
770,4,0,-1,1.0,1,10,-1,-1
771,3,0,0,-2.7,3,10,-1,-1
772,3,0,0,-0.3,3,10,0,-1
773,4,-1,0,2.6,3,10,0,-1
775,4,0,0,-2.7,3,10,-1,-1
776,4,0,0,-0.3,3,10,0,-1
777,3,-1,1,5.3,2,12,-1,1
779,4,-1,0,0.9,2,10,-1,-1
782,2,0,0,-4.9,3,12,-1,-1
783,3,-1,-1,4.1,3,11,-1,-1
784,4,-1,1,2.8,3,10,-1,-1
785,3,0,0,-4.2,3,10,-1,-1
786,4,0,0,-4.2,1,11,-1,-1
787,4,0,0,-4.9,3,10,-1,-1
788,4,-1,0,0.9,3,10,-1,-1
789,4,0,0,-2.4,2,10,-1,-1
790,4,0,0,2.2,2,10,0,-1
791,2,0,0,-2.7,2,10,-1,-1
792,2,0,0,-0.7,2,10,0,-1
793,2,0,0,-2.6,2,10,0,-1
795,4,0,0,0.7,2,10,0,-1
796,4,0,0,0.4,2,10,0,-1
797,4,0,0,0.7,1,10,0,-1
799,2,0,0,-2.4,2,11,-1,1
800,4,0,0,-2.0,2,10,-1,-1
801,4,0,0,3.4,2,12,0,1
802,4,0,0,-2.7,2,10,-1,-1
803,4,0,0,-0.7,2,10,0,-1
805,4,0,0,-2.4,2,10,-1,-1
806,4,0,0,2.2,2,11,0,1
807,4,0,0,0.7,2,10,0,-1
808,4,0,0,-1.9,2,10,0,-1
809,4,0,0,0.4,2,10,0,-1
811,3,0,0,-2.7,2,10,-1,-1
812,3,0,0,-0.7,2,10,0,1
813,3,0,0,-2.6,2,10,0,1
814,4,0,0,-2.0,2,11,-1,-1
815,4,0,0,-0.1,3,10,-1,1
817,4,0,0,2.7,3,11,-1,-1
818,3,0,0,-0.3,3,10,0,-1
819,4,1,0,-4.1,3,10,0,-1
820,3,-1,0,7.3,3,11,0,1
821,0,-1,-1,6.3,3,12,-1,-1
822,0,0,-1,1.0,3,12,-1,-1
823,0,-1,-1,8.3,3,12,-1,-1
824,4,0,-1,-0.3,3,11,0,-1
825,3,0,1,-0.4,3,11,0,-1
826,4,0,1,-0.4,3,11,0,-1
828,3,1,-1,-7.3,1,12,0,-1
829,4,0,0,3.7,2,10,-1,-1
830,0,0,0,3.7,2,10,-1,-1
831,0,0,0,3.7,3,10,-1,-1
832,4,1,1,-6.4,1,12,1,1
833,0,0,1,-0.4,3,12,0,1
834,0,-1,1,7.3,3,12,0,1
835,0,0,1,0.0,3,12,0,1
836,0,0,1,-1.0,3,12,1,1
837,0,-1,1,7.7,3,12,0,1
840,4,0,0,-1.0,3,11,-1,-1
841,4,0,1,0.0,3,11,0,-1
842,4,0,0,-1.0,3,11,-1,-1
843,0,1,-1,-5.3,3,11,1,-1
844,0,1,1,-5.7,3,11,1,1
845,0,0,0,2.0,3,11,1,1
846,3,0,1,-3.1,3,11,1,1
847,3,0,1,-3.7,3,11,1,1
848,4,0,1,0.0,3,11,0,-1
849,1,0,1,-3.8,3,11,1,1
850,4,-1,-1,8.4,1,12,0,1
852,4,0,0,1.0,1,10,-1,-1
853,4,1,-1,-7.7,2,11,0,-1
854,4,1,0,-7.4,2,11,0,-1
855,4,1,0,-5.5,2,11,1,-1
856,4,1,-1,-7.7,1,12,0,-1
857,4,1,0,-7.4,1,12,0,-1
858,4,1,1,-8.1,1,12,0,-1
859,4,1,0,-5.5,1,12,1,-1
860,4,0,0,2.7,3,10,-1,1
861,4,0,0,3.7,3,10,-1,-1
862,4,1,0,-2.3,3,10,-1,-1
863,4,-1,0,3.1,1,10,-1,-1
864,4,-1,0,4.1,1,10,0,-1
866,4,0,0,2.7,1,10,-1,-1
867,4,0,0,3.7,1,10,-1,-1
868,4,1,0,-2.3,1,10,-1,-1
869,4,0,0,2.7,1,12,-1,1
872,4,0,0,-2.4,3,10,-1,-1
873,4,0,0,-2.0,3,10,-1,-1
874,4,0,0,2.9,1,12,1,-1
875,4,0,0,3.2,1,12,1,-1
876,4,0,0,2.6,3,10,0,-1
877,4,0,0,1.9,3,10,0,-1
878,4,-1,0,5.2,1,10,0,1
879,4,0,0,2.9,1,11,1,-1
880,4,-1,1,6.0,2,11,0,-1
881,4,-1,1,6.3,2,11,1,-1
882,4,-1,0,2.6,2,10,0,1
883,4,0,0,0.7,2,11,1,-1
884,4,0,0,-2.4,2,10,-1,-1
885,4,0,0,-5.1,2,10,1,-1
886,4,1,0,-2.5,1,10,1,-1
887,4,-1,-1,6.4,1,12,0,-1
888,4,1,0,-0.4,1,10,0,-1
889,0,0,0,4.6,3,10,1,-1
890,0,0,0,-1.0,3,10,1,-1
891,0,1,0,-2.6,3,10,0,-1
892,0,-1,-1,7.0,2,11,-1,-1
893,0,-1,-1,7.3,2,11,0,-1
896,0,0,0,1.2,1,11,0,1
897,0,-1,0,7.0,2,11,0,1
898,0,-1,0,2.6,2,10,0,1
899,0,-1,-1,6.4,2,12,0,-1
900,4,-1,0,5.0,2,10,-1,-1
901,4,0,0,-2.4,3,11,-1,-1
902,4,0,0,-4.6,3,11,-1,-1
903,2,0,0,-5.4,1,10,1,-1
904,0,-1,0,3.1,2,10,-1,-1
905,0,1,0,-0.4,1,10,-1,-1
906,0,1,0,-2.6,2,10,0,-1
907,0,-1,0,5.0,2,10,-1,-1
908,0,-1,0,2.3,2,10,1,-1
909,0,1,0,-7.0,2,10,0,1
910,1,0,-1,0.4,1,12,0,-1
913,0,-1,0,5.3,2,12,-1,-1
914,0,1,0,-2.3,2,10,-1,-1
917,4,0,0,0.3,2,10,0,1
919,2,-1,1,5.3,2,12,-1,-1
920,3,-1,-1,6.3,2,10,-1,-1
921,1,-1,-1,5.7,2,11,-1,-1
923,3,-1,-1,5.7,1,12,-1,-1
924,2,-1,-1,5.7,2,11,-1,-1
925,1,-1,1,5.3,2,11,-1,1
926,1,-1,1,5.3,1,12,-1,-1
928,1,-1,0,5.0,1,10,-1,-1
930,0,-1,-1,6.3,1,11,-1,-1
931,0,-1,-1,6.4,1,11,-1,-1
932,4,-1,0,2.5,1,10,-1,-1
933,4,1,0,-6.0,1,12,-1,-1
934,4,1,0,-6.3,1,10,-1,1
935,4,1,0,-6.3,1,11,-1,-1
937,4,0,1,0.0,3,10,0,1
938,4,-1,1,5.3,3,10,-1,1
939,4,0,1,0.0,3,10,0,1
941,3,0,0,-2.7,3,10,-1,-1
942,4,0,0,-2.0,2,10,-1,-1
943,4,0,0,-2.7,2,10,-1,-1
944,2,0,0,-2.0,2,10,-1,-1
945,1,0,0,-2.7,3,10,-1,-1
946,4,-1,1,5.3,3,10,-1,1
947,1,0,0,-2.0,2,10,-1,-1
948,4,-1,1,5.3,2,11,-1,1
949,2,0,0,-2.0,2,10,-1,-1
950,3,0,0,-0.7,1,10,0,1
951,0,-1,1,5.3,2,11,-1,-1
952,0,-1,1,1.9,2,11,-1,-1
954,4,-1,0,4.1,1,10,0,-1
955,4,0,0,-2.4,3,10,-1,-1
956,4,0,0,-2.4,2,10,-1,-1
958,4,0,0,0.3,2,10,0,-1
960,4,0,0,-2.4,2,10,-1,-1
961,4,0,0,-4.6,2,10,-1,-1
962,4,0,0,0.3,2,10,0,-1
963,4,0,0,-0.4,2,10,0,-1
964,3,0,0,-2.4,3,10,-1,-1
965,3,0,0,-4.6,3,10,-1,-1
966,4,0,0,-2.7,3,10,-1,-1
967,4,0,0,-4.9,3,10,-1,-1
969,4,0,0,-2.7,1,10,-1,-1
970,4,0,0,-0.7,1,10,0,-1
971,4,0,0,-0.3,1,10,0,-1
972,4,0,0,-2.7,3,10,-1,-1
973,4,0,0,-0.7,3,10,0,-1
974,4,0,0,-2.4,3,10,-1,-1
975,4,0,0,-0.4,3,10,0,-1
976,4,0,0,-2.4,3,10,-1,-1
978,4,0,0,-2.4,3,10,-1,-1
979,4,0,0,-2.4,3,10,-1,-1
981,4,0,0,1.4,3,10,-1,-1
982,4,0,-1,0.0,1,12,0,1
983,4,-1,0,2.6,1,10,0,-1
984,4,0,0,0.1,1,10,1,-1
986,4,0,0,1.2,1,12,0,-1
987,2,1,0,-2.6,2,11,0,-1
988,4,0,0,-1.2,1,12,0,1
989,0,0,1,-0.4,1,12,0,1
990,0,1,0,-3.1,1,11,1,1
991,4,0,0,-0.1,2,10,-1,-1
992,4,0,0,1.9,2,10,0,-1
993,4,0,0,-2.0,2,10,-1,-1
994,4,0,1,0.3,2,10,0,-1
995,4,0,1,0.0,2,10,0,-1
996,4,0,0,-2.7,3,10,-1,-1
997,4,0,0,-2.6,3,10,0,-1
998,4,-1,1,5.3,1,11,-1,-1
999,4,0,1,0.0,1,11,0,1
1000,4,0,1,2.8,1,11,0,1
1001,4,0,1,-0.4,1,11,0,1
1002,4,0,0,-0.1,3,10,-1,1
1004,4,0,0,-2.6,3,10,0,-1
1005,4,0,0,2.2,3,10,0,-1
1007,4,0,0,-2.0,3,10,-1,-1
1008,4,0,0,-1.9,3,10,0,-1
1009,4,0,0,-2.0,2,11,-1,-1
1010,4,1,0,-2.6,2,11,0,-1
1011,3,0,0,1.0,2,10,1,-1
1012,3,0,0,2.7,2,10,1,-1
1013,3,0,0,2.0,2,10,1,-1
1015,3,0,0,2.4,2,10,1,-1
1016,3,1,0,-2.6,2,10,0,-1
1017,3,-1,-1,5.7,2,11,-1,-1
1018,4,-1,0,0.4,2,11,0,-1
1019,4,-1,0,-0.8,2,11,0,-1
1020,4,0,0,-2.0,2,10,-1,-1
1022,4,-1,-1,5.7,2,12,-1,-1
1023,4,0,0,-2.7,2,10,-1,-1
1024,4,0,0,-2.6,2,10,0,-1
1025,4,0,0,-2.7,1,10,-1,-1
1026,4,1,0,-5.2,1,10,0,-1
1027,4,-1,0,2.5,1,11,-1,-1
1028,4,0,-1,-2.8,1,11,0,-1
1029,4,-1,0,0.3,1,11,-1,-1
1030,4,0,0,-2.8,1,11,0,-1
1032,4,0,0,-2.0,2,10,-1,-1
1033,4,0,0,-1.9,2,10,0,-1
1034,4,0,0,-1.0,2,10,-1,-1
1035,4,-1,0,1.9,2,12,-1,-1
1036,4,0,0,-2.4,2,10,-1,-1
1037,4,-1,1,1.9,2,11,-1,-1
1038,4,0,0,-3.4,2,10,0,-1
1039,4,0,0,-2.7,2,10,-1,-1
1040,4,0,0,-2.6,2,10,0,-1
1041,4,0,0,-0.3,2,10,0,-1
1043,4,0,0,-1.9,1,10,0,-1
1045,4,0,0,0.3,2,10,0,-1
1046,4,0,0,-2.3,2,10,0,-1
1047,4,1,0,-4.9,2,10,0,-1
1048,4,0,0,-2.4,2,11,1,-1
1049,4,0,0,-2.0,1,10,-1,-1
1050,4,0,0,-1.9,1,10,0,-1
1052,4,0,0,-2.4,2,10,-1,-1
1053,4,1,0,-2.6,2,10,0,-1
1054,4,0,0,0.7,2,10,1,-1
1055,4,0,0,0.1,2,10,1,-1
1056,4,0,0,2.4,2,10,1,-1
1057,4,0,0,-2.0,2,10,-1,-1
1058,4,0,0,0.7,2,10,0,-1
1059,4,0,0,0.4,2,10,0,-1
1060,4,0,0,-2.7,2,10,-1,-1
1061,4,0,0,-2.6,2,10,0,-1
1065,4,0,0,-2.4,2,10,-1,-1
1066,4,0,0,-2.3,2,10,0,-1
1068,4,0,0,-0.9,2,10,-1,-1
1069,4,-1,0,5.4,2,11,0,-1
1070,4,0,0,-0.1,2,11,-1,-1
1071,4,1,1,-5.8,2,11,0,-1
1073,4,0,0,-2.4,2,10,-1,-1
1074,4,0,0,-1.4,2,10,1,-1
1075,4,0,0,0.3,2,10,0,-1
1077,4,-1,0,3.6,2,10,1,1
1078,4,0,0,-2.0,2,10,-1,-1
1079,4,0,0,0.7,2,10,0,-1
1080,4,1,1,-5.8,2,11,0,-1
1081,4,1,0,-3.2,2,11,1,-1
1083,4,0,0,2.0,2,10,1,-1
1084,4,0,0,0.1,2,10,1,-1
1085,4,0,0,1.0,2,10,1,-1
1086,4,0,0,-2.7,2,10,1,-1
1087,4,1,0,-2.6,2,10,0,-1
1088,4,1,-1,-7.3,2,10,0,-1
1089,4,0,-1,0.0,2,12,0,1
1090,4,0,0,-2.4,2,10,-1,-1
1091,4,0,0,-1.7,2,10,0,-1
1092,4,0,0,-4.6,2,10,-1,-1
1093,4,0,0,-2.3,2,10,0,-1
1094,4,1,0,-5.0,2,10,-1,-1
1096,4,-1,0,2.5,2,10,-1,-1
1097,4,-1,0,3.2,2,10,0,-1
1098,4,0,0,-0.1,2,10,-1,-1
1099,4,0,0,-1.0,2,10,-1,-1
1100,4,0,0,1.4,2,10,-1,-1
1101,4,0,0,-2.4,3,12,-1,-1
1102,4,0,0,-0.3,1,10,0,-1
1103,4,0,0,-2.7,3,10,-1,-1
1104,4,0,0,-0.3,3,10,0,-1
1107,4,0,0,-2.4,2,10,-1,-1
1109,4,0,0,-2.4,2,10,-1,-1
1110,4,0,0,-0.3,2,10,0,-1
1111,4,0,0,-2.4,1,10,-1,-1
1112,4,0,0,-2.4,1,10,-1,-1
1113,0,1,0,-4.9,1,10,0,-1
1114,4,-1,0,4.9,2,10,0,-1
1115,0,0,1,-0.4,1,12,0,1
1116,4,-1,1,5.3,1,10,-1,-1
1117,4,1,0,-4.9,3,10,0,-1
1120,4,0,-1,0.0,1,10,0,-1
1121,4,0,0,2.7,1,10,-1,-1
1122,4,0,1,-0.4,1,12,0,-1
1124,4,0,1,0.0,3,10,0,-1
1125,4,-1,0,4.9,3,10,0,-1
1126,4,1,0,-4.9,1,10,0,-1
1127,4,-1,0,4.9,1,11,0,-1
1128,4,-1,-1,6.3,1,10,-1,-1
1129,3,0,1,-0.4,1,12,0,1
1131,4,0,0,0.0,3,10,0,1
1132,4,-1,1,6.3,3,10,1,1
1134,4,-1,1,8.0,3,10,0,1
1135,4,0,1,-0.4,3,10,0,1
1136,4,0,1,0.0,3,10,0,1
1137,4,-1,1,2.6,3,10,1,1
1138,4,0,1,2.2,3,10,1,1
1139,0,-1,0,4.9,3,10,0,-1
1140,4,-1,-1,5.7,1,11,-1,-1
1142,4,0,0,-2.4,3,12,-1,-1
1143,4,1,-1,-7.7,3,12,0,-1
1145,4,0,0,-4.6,3,12,-1,-1
1147,4,1,1,-8.7,3,12,1,-1
1148,4,1,0,-5.0,3,12,-1,-1
1149,4,1,0,-5.5,3,12,1,-1
1150,4,0,1,0.0,2,11,0,-1
1152,4,0,0,2.2,1,11,0,-1
1154,4,0,0,2.2,1,11,0,-1
1156,4,-1,-1,4.1,1,12,-1,-1
1157,4,0,0,2.2,1,12,0,-1
1159,4,0,0,2.0,2,10,1,-1
1160,4,1,0,-2.6,2,10,0,-1
1162,3,0,0,2.2,1,11,0,-1
1163,4,-1,0,3.1,1,10,-1,-1
1164,4,-1,0,4.1,1,10,0,1
1165,4,-1,0,0.9,1,10,-1,-1
1166,4,-1,0,2.5,1,10,-1,-1
1167,4,-1,0,4.9,1,10,0,-1
1168,4,-1,0,4.1,3,12,0,1
1169,4,0,0,2.2,1,12,0,-1
1171,4,-1,-1,6.3,1,12,-1,-1
1172,4,-1,-1,4.1,1,12,-1,-1
1174,4,0,0,-2.7,1,10,-1,-1
1175,4,0,0,-1.7,1,10,1,-1
1176,4,0,0,-2.6,1,10,0,-1
1178,4,-1,0,5.3,1,10,-1,-1
1179,4,-1,0,3.1,1,10,-1,1
1181,4,0,0,-4.9,3,10,-1,-1
1182,4,0,0,-0.7,3,10,0,1
1184,4,1,0,-5.3,3,10,-1,-1
1185,4,1,0,-5.2,3,10,0,-1
1186,4,0,0,-0.3,3,10,0,-1
1187,4,1,0,-5.8,3,10,1,-1
1189,4,0,1,0.0,1,10,0,-1
1190,4,0,0,2.2,1,12,0,-1
1191,4,-1,0,2.5,1,10,-1,-1
1192,4,-1,0,4.9,1,10,0,-1
1194,4,1,-1,-7.7,1,12,0,-1
1195,4,0,0,0.3,1,12,0,-1
1196,4,1,0,-7.7,1,12,0,1
1197,4,1,1,-8.7,1,12,1,-1
1198,4,1,0,-5.5,1,12,1,-1
1199,4,-1,0,5.0,1,12,-1,-1
1200,4,-1,0,2.8,1,12,-1,-1
1201,4,-1,0,2.6,3,11,0,1
1202,4,-1,0,2.6,2,12,0,1
1203,4,0,0,-2.7,1,10,-1,-1
1204,4,0,0,-0.3,1,10,0,-1
1206,4,1,0,-2.6,2,10,0,-1
1209,4,1,0,-2.6,2,10,0,-1
1210,4,0,0,-2.4,2,10,-1,-1
1211,4,1,0,-4.9,2,10,0,-1
1212,4,0,0,-2.4,2,10,-1,1
1213,4,0,0,-1.4,2,10,1,-1
1214,4,1,0,-4.9,2,10,0,-1
1215,4,0,1,0.0,1,11,0,-1
1216,4,0,0,2.2,2,10,0,-1
1217,4,0,0,-2.7,2,10,-1,-1
1218,4,0,0,-0.3,2,10,0,-1
1219,4,0,0,-2.4,2,12,-1,1
1220,4,1,-1,-7.7,2,12,0,-1
1221,4,0,0,-1.4,2,12,1,-1
1222,4,0,0,-4.6,2,12,-1,-1
1223,4,0,0,0.3,2,12,0,-1
1224,4,1,1,-8.7,2,12,1,-1
1225,4,1,0,-5.5,2,12,1,-1
1229,4,0,0,2.2,1,12,0,-1
1230,4,0,0,2.2,1,12,0,-1
1232,1,0,0,1.9,1,10,0,-1
1233,0,0,0,-1.0,1,10,-1,-1
1234,0,1,0,-3.5,1,10,-1,-1
1235,0,1,0,-4.1,3,10,0,-1
1236,0,-1,0,-0.9,3,12,-1,-1
1237,3,1,0,-8.0,3,11,0,-1
1240,4,0,0,-5.8,1,12,-1,1
1241,3,0,0,-3.4,2,12,0,-1
1242,4,0,0,-3.4,1,12,0,-1
1244,4,-1,0,4.9,3,10,0,-1
1245,4,0,0,-0.6,3,10,1,1
1246,4,-1,-1,5.7,2,11,-1,1
1247,4,0,-1,0.4,2,11,0,1
1249,4,-1,-1,3.5,2,11,-1,1
1250,4,-1,-1,5.8,2,11,0,1
1251,4,0,-1,0.4,2,11,0,1
1253,4,0,0,3.7,3,10,-1,-1
1254,4,0,0,4.7,3,10,-1,-1
1255,4,1,0,-0.4,3,10,-1,-1
1256,4,0,-1,1.0,1,11,-1,-1
1257,3,0,0,-2.4,2,10,-1,-1
1259,3,1,0,-5.0,2,10,-1,-1
1260,3,1,0,-4.9,2,10,0,-1
1261,3,-1,0,0.4,2,10,1,1
1262,0,0,1,-0.4,2,11,0,1
1263,3,-1,0,5.3,1,10,-1,-1
1264,3,0,-1,0.0,1,10,0,-1
1265,3,0,0,2.7,1,10,-1,-1
1266,4,-1,0,0.4,1,12,1,1
1267,3,-1,1,5.3,1,12,-1,1
1268,3,0,1,0.3,1,12,0,1
1269,3,0,1,2.2,1,12,1,-1
1270,3,-1,1,2.6,1,12,1,-1
1271,4,-1,1,5.3,3,10,-1,-1
1272,1,1,0,-0.4,3,10,-1,-1
1274,4,0,1,0.0,3,10,0,-1
1275,4,0,1,2.8,3,10,-1,-1
1276,4,0,0,-2.4,3,10,-1,-1
1277,4,1,0,-5.0,3,10,-1,-1
1278,4,1,0,-4.9,3,10,0,-1
1280,0,1,0,-4.9,3,10,0,-1
1282,4,0,0,3.4,1,12,0,-1
1283,3,0,0,3.4,2,10,0,-1
1284,3,0,0,-3.4,1,12,0,-1
1285,3,-1,0,1.6,2,10,-1,1
1286,4,0,0,-1.0,3,10,-1,-1
1287,4,0,0,1.0,3,10,-1,-1
1288,4,0,0,-2.2,3,10,0,-1
1289,4,1,0,-2.6,3,10,0,-1
1291,4,0,0,0.7,1,10,0,-1
1292,4,0,0,0.4,1,10,0,-1
1293,4,0,0,1.0,3,10,-1,-1
1295,4,-1,1,5.3,1,10,-1,-1
1296,4,0,0,0.0,1,10,0,1
1298,4,0,1,0.3,1,10,0,-1
1301,4,0,1,0.0,1,10,0,-1
1302,4,0,1,2.7,1,10,-1,-1
1303,4,0,1,2.8,1,10,0,-1
1304,4,-1,1,7.7,1,10,0,-1
1305,4,0,1,2.2,1,10,1,-1
1306,4,0,0,1.7,3,10,-1,-1
1307,4,0,0,1.0,3,10,-1,-1
1309,4,0,0,-0.7,3,10,0,-1
1310,4,0,0,3.7,3,10,-1,-1
1311,4,0,0,5.1,3,10,-1,-1
1312,4,0,0,-2.2,3,10,0,-1
1313,4,-1,0,2.6,3,10,0,-1
1314,4,-1,0,3.6,3,10,1,-1
1315,4,0,0,-2.4,3,10,1,-1
1317,4,0,0,-2.7,3,10,1,-1
1318,4,0,0,0.1,3,10,1,-1
1319,4,-1,0,5.0,3,10,1,-1
1320,4,0,0,-0.5,3,10,1,-1
1321,4,0,0,-0.7,3,10,0,-1
1322,4,0,0,-2.4,3,10,-1,-1
1323,4,0,0,-1.4,3,10,1,-1
1324,4,-1,1,3.1,1,12,-1,1
1325,4,0,0,-2.2,2,12,0,-1
1326,3,-1,0,6.0,3,11,0,1
1329,0,0,0,-2.4,3,10,-1,-1
1330,0,0,0,-0.4,3,10,0,-1
1331,0,0,0,-2.3,3,10,0,-1
1332,0,1,0,-5.0,3,10,-1,-1
1333,0,1,0,-4.9,3,10,0,-1
1334,4,-1,0,2.6,1,10,0,-1
1335,4,-1,0,5.3,1,11,-1,-1
1337,4,-1,0,5.3,1,10,-1,-1
1338,4,0,0,-2.7,1,11,-1,-1
1339,4,-1,1,2.8,3,10,-1,1
1340,0,0,0,1.7,2,10,0,-1
1341,0,0,0,-0.7,3,10,-1,1
1342,0,1,0,-3.3,3,10,-1,1
1343,0,0,0,1.7,3,10,0,1
1344,0,0,0,1.2,2,11,0,-1
1345,0,0,0,-0.7,2,11,-1,-1
1346,0,1,0,-3.3,2,11,-1,-1
1347,0,0,0,1.7,2,11,0,1
1348,0,0,0,3.4,2,11,0,-1
1349,0,1,-1,-3.1,2,11,1,1
1352,0,0,0,-0.9,2,12,-1,-1
1353,0,0,0,-3.7,2,12,1,-1
1354,0,1,0,-4.1,2,12,0,-1
1356,0,0,-1,-2.8,1,11,0,1
1357,4,-1,-1,3.0,2,10,1,-1
1358,0,0,0,1.2,1,12,0,-1
1359,0,0,0,5.4,1,12,1,-1
1360,0,1,1,-2.9,1,12,1,-1
1361,0,1,0,0.8,1,12,0,-1
1363,0,0,0,0.7,1,12,1,-1
1364,0,1,0,0.3,1,12,1,-1
1366,0,0,0,-2.0,1,12,-1,-1
1367,0,0,0,-2.0,2,10,-1,-1
1368,0,1,0,-4.5,2,10,0,-1
1369,0,0,0,0.4,2,10,0,-1
1370,2,-1,0,2.5,2,10,-1,1
1371,0,-1,0,5.3,2,11,-1,1
1372,0,0,0,0.3,2,11,0,-1
1373,0,-1,0,8.0,2,11,0,1
1374,0,-1,0,7.3,2,11,0,1
1375,0,-1,0,5.4,2,11,0,1
1378,0,-1,0,7.7,2,11,0,1
1379,4,-1,0,8.0,2,11,0,1
1380,0,0,0,0.9,2,10,1,1
1381,4,-1,0,5.0,2,11,-1,-1
1382,4,0,-1,-0.3,2,11,0,-1
1385,3,-1,0,0.4,3,10,0,-1
1386,4,0,0,-0.3,2,10,0,-1
1387,4,0,0,3.4,1,12,0,-1
1388,1,-1,1,5.3,1,11,-1,-1
1389,4,0,0,-0.3,3,10,0,-1
1390,4,0,0,-2.4,3,10,-1,-1
1391,4,-1,-1,5.8,1,11,0,1
1392,4,0,1,0.0,2,12,0,-1
1393,0,-1,0,4.1,1,10,0,-1
1394,4,0,0,-2.7,2,10,-1,-1
1395,4,1,-1,-8.0,2,10,0,-1
1396,4,1,-1,-8.0,2,10,0,-1
1397,4,0,0,-1.7,2,10,1,-1
1398,4,0,0,-4.9,2,10,-1,-1
1399,4,0,0,-2.6,2,10,0,-1
1400,4,0,0,-6.1,2,10,-1,-1
1401,4,1,0,-5.3,2,10,-1,-1
1402,4,1,0,-5.2,2,10,0,-1
1403,4,0,0,-5.4,2,10,1,-1
1404,4,1,0,-5.8,2,10,1,-1
1405,4,0,0,2.6,2,10,0,-1
1407,4,-1,1,6.3,2,10,1,1
1408,4,-1,1,5.4,2,10,0,1
1409,4,0,-1,0.4,3,12,0,1
1410,4,0,0,3.2,1,10,1,-1
1411,4,-1,0,2.6,1,11,0,-1
1412,4,0,0,-5.4,2,11,-1,-1
1413,2,0,0,1.7,1,10,0,-1
1414,4,-1,0,3.1,1,12,-1,-1
1415,4,0,0,-3.4,1,12,0,1
1416,4,0,-1,1.3,2,11,-1,-1
1417,4,0,0,2.4,2,10,1,-1
1419,4,-1,0,5.3,2,11,-1,-1
1421,4,-1,0,3.1,2,11,-1,-1
1422,4,-1,0,3.6,2,10,1,1
1423,4,-1,0,5.3,2,10,1,1
1424,4,-1,0,5.0,2,10,1,1
1426,4,0,0,2.4,2,10,1,-1
1427,4,0,0,-4.6,2,12,-1,-1
1428,4,-1,0,6.3,2,11,1,1
1430,4,-1,0,5.4,2,11,0,1
1431,4,0,0,-2.0,2,10,-1,-1
1432,4,0,-1,0.4,1,12,0,-1
1433,4,1,0,-0.4,2,10,-1,-1
1435,4,1,0,-2.5,2,10,1,-1
1436,4,0,-1,0.4,2,12,0,-1
1437,4,0,0,-1.7,2,10,0,-1
1438,4,0,0,-0.1,2,10,-1,-1
1439,4,0,-1,1.0,2,12,-1,-1
1440,4,1,-1,-3.1,1,10,1,-1
1441,4,-1,0,2.5,1,11,-1,-1
1443,4,0,-1,-2.8,1,11,0,-1
1444,4,-1,0,3.5,1,11,1,-1
1445,4,-1,0,0.3,1,11,-1,-1
1446,4,0,0,-2.5,1,11,0,-1
1447,4,-1,0,5.2,1,11,0,-1
1448,4,-1,0,4.5,1,11,0,-1
1449,4,0,-1,-2.8,1,11,0,-1
1450,4,0,1,-3.8,1,11,1,-1
1451,4,0,0,-0.1,1,11,-1,-1
1452,4,-1,0,4.9,1,11,0,-1
1453,4,1,0,-2.5,1,11,1,-1
1454,4,-1,1,5.3,3,10,-1,1
1455,4,0,0,0.0,3,10,0,1
1456,4,0,1,0.3,3,10,0,1
1457,4,0,1,0.0,3,10,0,1
1458,4,0,1,2.8,3,10,-1,1
1459,4,0,0,2.2,3,10,0,1
1463,4,1,-1,-5.3,2,10,1,-1
1464,4,0,0,-2.2,2,10,0,-1
1465,4,1,0,-5.0,2,10,1,-1
1466,4,0,0,2.7,2,10,1,1
1467,4,1,1,-5.7,2,10,1,-1
1468,4,0,0,2.0,2,10,1,1
1469,4,1,0,-5.3,2,10,1,-1
1470,4,0,0,-3.4,2,10,0,-1
1471,4,1,0,-5.3,2,10,1,-1
1472,4,1,0,-2.6,2,10,0,-1
1473,4,1,0,-2.5,2,10,1,-1
1474,4,0,0,2.4,2,10,1,1
1477,4,-1,0,1.6,1,12,-1,1
1478,4,-1,0,0.4,3,10,0,-1
1479,4,-1,0,2.6,3,10,1,1
1481,4,0,1,0.0,1,11,0,1
1482,4,0,0,-2.4,2,10,-1,-1
1483,4,0,0,0.3,2,10,0,1
1484,4,0,0,-0.4,2,10,0,1
1485,4,0,0,2.2,2,10,0,-1
1487,4,0,-1,0.4,1,12,0,1
1488,4,-1,0,1.9,1,12,-1,-1
1489,4,-1,1,7.7,3,11,0,1
1490,4,-1,1,5.3,2,12,-1,1
1492,4,0,1,0.3,2,12,0,1
1493,4,-1,1,8.0,2,12,0,1
1494,4,-1,1,7.3,2,12,0,1
1495,4,0,1,0.0,2,12,0,1
1496,4,0,1,0.0,2,12,0,1
1497,4,0,1,2.8,2,12,-1,1
1498,4,0,1,2.8,2,12,0,1
1500,4,-1,1,8.0,3,10,0,1
1502,4,0,0,-0.7,2,10,-1,-1
1503,4,1,0,0.8,2,12,0,1
1504,4,-1,0,4.5,1,10,0,-1
1505,4,-1,0,4.9,3,10,0,-1
1506,4,1,1,-7.7,3,10,0,-1
1507,4,1,1,-8.3,3,10,1,-1
1509,1,0,0,-3.5,1,12,-1,1
1510,4,-1,0,-0.8,2,12,0,1
1512,4,1,0,0.8,2,10,0,-1
1513,0,0,0,3.4,2,10,0,-1
1514,0,1,0,0.8,2,10,0,1
1516,0,0,0,2.0,3,10,1,1
1517,1,0,0,2.4,3,10,1,1
1518,4,0,0,-1.0,2,10,-1,1
1520,2,0,1,-1.0,1,11,1,1
1522,4,0,0,0.3,2,10,0,1
1523,0,-1,0,3.3,1,11,1,1
1524,0,-1,0,3.3,1,12,1,-1
1525,2,0,0,1.9,2,10,0,-1
1526,1,-1,0,7.0,1,11,0,1
1527,2,0,1,-0.4,1,12,0,-1
1528,2,0,0,2.7,2,10,1,1
1529,2,0,0,2.0,2,10,1,1
1530,2,0,0,2.4,2,10,1,1
1531,4,-1,0,5.2,1,10,0,-1
1532,2,0,0,2.2,1,11,0,-1
1533,4,0,0,-2.7,1,10,-1,-1
1534,4,0,0,-1.7,1,10,1,-1
1536,4,1,0,-5.2,1,10,0,-1
1537,4,0,0,-0.3,1,10,0,-1
1538,4,0,0,2.2,1,12,0,-1
1539,3,0,0,2.2,1,12,0,-1
1541,2,0,0,0.1,2,10,1,1
1543,4,-1,1,5.3,1,11,-1,1
1544,4,-1,1,6.3,1,11,1,1
1545,4,0,1,2.8,1,11,-1,1
1546,2,0,0,2.2,1,12,0,-1
1547,2,0,-1,1.3,2,12,-1,1
1548,2,0,0,2.2,1,12,0,-1
1549,4,0,0,-1.0,3,10,-1,-1
1550,4,-1,0,3.1,3,10,-1,-1
1552,2,-1,-1,5.7,1,12,-1,-1
1554,2,-1,-1,3.5,1,12,-1,1
1555,2,0,-1,0.7,1,12,0,1
1556,2,-1,-1,8.4,1,12,0,-1
1557,2,0,-1,0.4,1,12,0,-1
1558,2,0,-1,0.4,1,12,0,-1
1559,2,0,0,-0.6,1,12,1,1
1560,2,0,-1,3.2,1,12,0,1
1561,2,-1,-1,8.1,1,12,0,-1
1562,2,-1,-1,3.0,1,12,1,-1
1563,2,0,-1,2.6,1,12,1,-1
