conservation,polaritychange,chargechange,hydroindexchange,secondarystruc,asa,sizechange,class
1,0,1,0.3,2,12,0,1
1,-1,1,8.0,2,12,0,1
1,-1,1,7.3,2,12,0,1
1,0,1,0,2,12,0,1
1,0,1,0,2,12,0,1
1,0,1,2.8,2,12,-1,1
1,0,1,2.8,2,12,0,1
1,-1,1,7.7,2,12,0,1
1,-1,1,8.0,3,10,0,1
1,0,0,-0.7,1,10,-1,-1
1,0,0,-0.7,2,10,-1,-1
1,1,0,0.8,2,12,0,1
1,-1,0,4.5,1,10,0,-1
1,-1,0,4.9,3,10,0,-1
1,1,1,-7.7,3,10,0,-1
1,1,1,-8.3,3,10,1,-1
-1,1,-1,-5.4,1,12,0,1
-1,0,0,-3.5,1,12,-1,1
1,-1,0,-0.8,2,12,0,1
1,0,0,3.4,2,10,0,-1
1,1,0,0.8,2,10,0,-1
1,0,0,3.4,2,10,0,-1
1,1,0,0.8,2,10,0,1
1,1,0,0.8,2,10,0,-1
-1,0,0,2.0,3,10,1,1
-1,0,0,2.4,3,10,1,1
1,0,0,-1.0,2,10,-1,1
-1,1,0,-4.1,2,10,0,1
-1,0,1,-1.0,1,11,1,1
-1,0,1,2.2,2,11,1,1
1,0,0,0.3,2,10,0,1
1,-1,0,3.3,1,11,1,1
-1,-1,0,3.3,1,12,1,-1
-1,0,0,1.9,2,10,0,-1
1,-1,1,5.3,1,11,-1,1
1,-1,1,6.3,1,11,1,1
1,0,1,2.8,1,11,-1,1
-1,0,0,2.2,1,12,0,-1
1,0,-1,1.3,2,12,-1,1
-1,0,0,2.2,1,12,0,-1
1,0,0,-1.0,3,10,-1,-1
1,-1,0,3.1,3,10,-1,-1
1,1,0,-0.4,1,10,0,-1
-1,-1,-1,5.7,1,12,-1,-1
-1,-1,-1,6.7,1,12,1,-1
-1,-1,-1,3.5,1,12,-1,1
1,0,0,-2.4,2,10,-1,-1
1,-1,0,2.6,2,10,0,1
1,0,0,-1.9,2,10,0,-1
1,0,0,-2.0,2,10,-1,-1
1,0,0,0.7,2,10,0,-1
1,0,0,1.9,2,10,0,1
1,1,1,-5.8,2,10,0,-1
1,0,0,-1.9,2,10,0,-1
1,0,0,-2.0,2,10,-1,-1
1,0,0,2.0,2,10,1,-1
1,1,0,-4.9,1,10,0,-1
1,-1,0,4.9,1,11,0,-1
1,-1,-1,6.3,1,10,-1,-1
1,0,1,2.2,3,10,1,1
1,-1,1,8.0,3,10,0,1
1,0,1,-1.0,3,10,1,1
1,-1,1,7.3,3,10,0,1
1,0,1,-0.4,3,10,0,1
1,-1,1,2.6,3,10,1,1