protein,chain,mutation,realddg,struc,asa
1a23,A,H32L,-4.6,H,0.2391304348
1a23,A,H32S,-3.6,H,0.2391304348
3a9j,A,K6E,-2.2,E,0.3853658537
3a9j,A,K6Q,-1.1,E,0.3853658537
3a9j,A,K27Q,8,H,0.0731707317
3a9j,A,K29Q,7,H,0.356097561
3a9j,A,K29N,6.2,H,0.356097561
3a9j,A,R42E,-6.8,E,0.2620967742
3a9j,A,H68Q,-2.3,E,0.1304347826
3a9j,A,H68E,-3.2,E,0.1304347826
3a9j,A,R72Q,1.4,-,0.2782258065
1ag2,A,V57I,0.5,I,0.2394366197
1ag2,A,T60A,4.62,I,0
1ag2,A,F75S,2.46,-,0.1065989848
1ag2,A,R85H,1.44,H,0.4274193548
1ag2,A,Q94R,2.13,H,0.1515151515
1aj3,A,W13F,1.11,H,0.3039647577
3wc8,A,L94V,1.2,H,0
1am7,A,H48N,5,-,0.027173913
1arr,A,P8L,-2.55,-,0.2941176471
4hil,A,D59R,-0.6,H,0.8159509202
4hil,A,P80A,6.3,G,0.6323529412
1a2p,A,I2V,0.6,-,0.349112426
1a2p,A,I2A,1.4,-,0.349112426
1a2p,A,N3A,1.9,-,0.178343949
1a2p,A,T4P,3.08,S,0.3661971831
1a2p,A,T4G,1.34,S,0.3661971831
1a2p,A,T4N,1.27,S,0.3661971831
1a2p,A,T4Q,1.87,S,0.3661971831
1a2p,A,T4A,2.23,S,0.3661971831
1a2p,A,T4H,1.56,S,0.3661971831
1a2p,A,F5L,4.6,H,0.1827411168
1a2p,A,D6S,0.97,H,0.6809815951
1a2p,A,V8T,2.5,H,0
1a2p,A,V8A,3.4,H,0
1a2p,A,D10S,0.65,H,0.6012269939
1a2p,A,Y11A,3.71,H,0.1981981982
1a2p,A,Q13I,-1,H,0.4898989899
1a2p,A,T14G,1.66,H,0.5563380282
1a2p,A,T14S,1.87,H,0.5563380282
1a2p,A,Y15S,2.57,H,0.527027027
1a2p,A,Y15A,2.26,H,0.527027027
1a2p,A,H16A,1.85,S,0.5815217391
1a2p,A,H16S,2.28,S,0.5815217391
1a2p,A,H16N,1.68,S,0.5815217391
1a2p,A,H16D,2.56,S,0.5815217391
1a2p,A,H16K,1.19,S,0.5815217391
1a2p,A,H16R,1.17,S,0.5815217391
1a2p,A,H16Q,1.6,S,0.5815217391
1a2p,A,H16G,-0.51,S,0.5815217391
1a2p,A,N21A,2.2,T,0.0636942675
1a2p,A,I23V,1.1,E,0.1065088757
1a2p,A,I23A,3.5,E,0.1065088757
1a2p,A,T24S,0.56,-,0.2112676056
1a2p,A,T24V,2.31,-,0.2112676056
1a2p,A,T24N,1.29,-,0.2112676056
1a2p,A,T24Q,1.72,-,0.2112676056
1a2p,A,T24A,2.14,-,0.2112676056
1a2p,A,K25G,0.55,H,0.5073170732
1a2p,A,E27G,1.81,H,0.5206185567
1a2p,A,E27A,1.25,H,0.5206185567
1a2p,A,E27S,1.23,H,0.5206185567
1a2p,A,Q29G,0.98,H,0.5656565657
1a2p,A,A30Q,0.5,H,0.8396226415
1a2p,A,A30E,0.6,H,0.8396226415
1a2p,A,A30N,0.7,H,0.8396226415
1a2p,A,A30F,0.7,H,0.8396226415
1a2p,A,A30D,0.7,H,0.8396226415
1a2p,A,A30H,0.8,H,0.8396226415
1a2p,A,A30T,0.8,H,0.8396226415
1a2p,A,A30I,0.8,H,0.8396226415
1a2p,A,A30Y,0.8,H,0.8396226415
1a2p,A,A30V,0.9,H,0.8396226415
1a2p,A,A30G,0.9,H,0.8396226415
1a2p,A,A30W,1,H,0.8396226415
1a2p,A,A30C,1,H,0.8396226415
1a2p,A,A30P,4.1,H,0.8396226415
1a2p,A,L31Q,1.3,T,0.6158536585
1a2p,A,G32A,3.12,T,0.380952381
1a2p,A,G32S,3.2,T,0.380952381
1a2p,A,G32N,2.75,T,0.380952381
1a2p,A,G32D,3.39,T,0.380952381
1a2p,A,G32K,3.12,T,0.380952381
1a2p,A,G32R,2.42,T,0.380952381
1a2p,A,G32H,3.15,T,0.380952381
1a2p,A,V34A,1.3,-,0.3521126761
1a2p,A,V34T,1.1,-,0.3521126761
1a2p,A,N39D,2.5,-,0.2165605096
1a2p,A,V43A,1.8,H,0.2676056338
1a2p,A,V43T,2.4,H,0.2676056338
1a2p,A,I49A,4.7,E,0.0177514793
1a2p,A,G50V,8.4,E,0.0595238095
1a2p,A,D52A,3.3,E,0.2760736196
1a2p,A,I53A,1.1,E,0.5621301775
1a2p,A,I53T,0.6,E,0.5621301775
1a2p,A,N56A,2.7,-,0.1592356688
1a2p,A,N56D,-0.5,-,0.1592356688
1a2p,A,K60R,0.5,-,0.5414634146
1a2p,A,G63S,-0.5,-,0.75
1a2p,A,R67S,2.72,-,0.189516129
1a2p,A,R67K,3.13,-,0.189516129
1a2p,A,E71A,2.5,E,0.1391752577
1a2p,A,D73N,5,E,0
1a2p,A,I74V,0.8,-,0
1a2p,A,I74A,1.9,-,0
1a2p,A,N75A,1.6,S,0.4968152866
1a2p,A,Y76F,1.5,-,0.0495495495
1a2p,A,R81K,4.13,-,0.1491935484
1a2p,A,N82A,2,-,0.2866242038
1a2p,A,I86G,7.4,E,0
1a2p,A,L87T,2.5,E,0
1a2p,A,D91N,4.11,T,0.4355828221
1a2p,A,W92Y,0.99,-,0.3259911894
1a2p,A,W92F,0.6,-,0.3259911894
1a2p,A,W92L,0.64,-,0.3259911894
1a2p,A,T97V,2.7,E,0.0211267606
1a2p,A,T98G,2.8,S,0.6971830986
1a2p,A,T103V,2.2,-,0.5915492958
1a2p,A,K106R,-0.9,E,0.6975609756
1a2p,A,I107V,0.8,-,0.573964497
1a2p,A,I107A,2.1,-,0.573964497
1bpi,A,R1A,0.5,-,0.7338709677
1bpi,A,P2A,1.3,-,0.4338235294
1bpi,A,F4A,3,G,0.1421319797
1bpi,A,L6A,0.6,G,0.5914634146
1bpi,A,E7A,1.5,S,0.1907216495
1bpi,A,P9A,0.8,-,0.3602941176
1bpi,A,Y10A,1.2,-,0.3918918919
1bpi,A,G12A,1.8,-,0.2857142857
1bpi,A,P13A,1.2,S,0.5294117647
1bpi,A,I18A,1.5,E,0.349112426
1bpi,A,I19A,2.1,E,0.6035502959
1bpi,A,R20A,1.8,E,0.2620967742
1bpi,A,F22A,2,E,0.1116751269
1bpi,A,Y23A,5.9,E,0.0405405405
1bpi,A,N24A,2.2,E,0.1719745223
1bpi,A,G28A,1,T,0.5
1bpi,A,Q31A,1,E,0.3434343434
1bpi,A,V34A,1.2,E,0.4577464789
1bpi,A,Y35G,5,E,0.0900900901
1bpi,A,Y35A,1.1,E,0.0900900901
1bpi,A,G36S,0.7,-,0
1bpi,A,G36A,2.1,-,0
1bpi,A,G37A,2.3,S,0.4285714286
1bpi,A,R42A,0.5,S,0.685483871
1bpi,A,N43G,5.7,S,0.0063694268
1bpi,A,N44G,4.7,-,0.1464968153
1bpi,A,N44A,3.3,-,0.1464968153
1bpi,A,F45A,6.9,B,0.1065989848
1bpi,A,S47A,1.6,S,0.2384615385
1bpi,A,M52A,1.7,H,0.4840425532
1a6m,A,E4A,0.55,H,0.8453608247
1a6m,A,W7F,1.1,H,0.0528634361
1a6m,A,Q8A,-0.89,H,0.6767676768
1a6m,A,Q8G,0.5,H,0.6767676768
1a6m,A,W14F,0.5,H,0.013215859
1a6m,A,E18A,0.5,H,0.4432989691
1a6m,A,E109G,0.89,H,0.4329896907
1a6m,A,F123K,0.7,-,0.0050761421
1a6m,A,A130K,0.9,H,0.0094339623
1a6m,A,M131A,0.9,H,0
1c2r,A,K12D,1.3,T,0.3756097561
1c2r,A,K14E,1.3,T,0.4585365854
1c2r,A,G34S,2.2,S,0.1428571429
1c2r,A,P35A,2,-,0.1544117647
1cdc,A,L13V,-2.2,E,0.006097561
1cdc,A,I15V,-1.17,-,0.0532544379
1cdc,A,V27A,-4.88,E,0
1cdc,A,A37G,-1.71,E,0
1cdc,A,V75A,-3.01,E,0
1cdc,A,L92V,-0.75,E,0.012195122
1clw,A,T123I,1.6,-,0.2042253521
3pf4,A,K5E,4.4,E,0.5609756098
3pf4,A,K5Q,2.5,E,0.5609756098
3pf4,A,N10K,5.7,E,0.3439490446
3pf4,A,E12K,0.8,T,0.9226804124
3pf4,A,K13E,1.8,T,0.6829268293
3pf4,A,E19K,2.6,E,0.4484536082
3pf4,A,E19Q,1.3,E,0.4484536082
3pf4,A,V20Q,8.4,E,0.176056338
3pf4,A,V20K,9.2,E,0.176056338
3pf4,A,E21K,0.5,T,1
3pf4,A,E21Q,1.4,T,1
3pf4,A,D24K,1.7,E,0.8834355828
3pf4,A,D24N,1.9,E,0.8834355828
3pf4,A,D25K,4.5,E,0.3742331288
3pf4,A,E42K,-0.8,-,0.6340206186
3pf4,A,E42Q,0.8,-,0.6340206186
3pf4,A,E43K,-1.6,T,0.6494845361
3pf4,A,E43Q,-0.7,T,0.6494845361
3pf4,A,E53Q,-1.3,E,0.7628865979
3pf4,A,N55K,-0.8,T,1
3pf4,A,N55D,-2.2,T,1
3pf4,A,K65E,3.3,-,0.6975609756
3pf4,A,K65Q,0.5,-,0.6975609756
1cyo,A,V45T,4,H,0.2887323944
1cyo,A,V45G,8,H,0.2887323944
1el1,A,H23G,2,T,0.8928571429
1el1,A,I58L,1,T,0.0101522843
1el1,A,A95S,1.1,H,0.0296296296
1el1,A,V111K,1.8,H,0.1509433962
1rcf,A,V18I,-0.52,H,0
1rcf,A,A101V,0.69,H,0
1rcf,A,A101L,0.53,H,0
1rcf,A,L6A,1.74,E,0
1rcf,A,I22A,1.03,H,0
1rcf,A,V31A,0.99,E,0.0211267606
1rcf,A,I51V,1.04,E,0
1rcf,A,I52V,0.6,E,0
1rcf,A,A84G,1.25,E,0
1rcf,A,V117A,1.32,-,0.0281690141
1rcf,A,D126K,0.99,-,0.6993865031
1rcf,A,I156V,1.6,H,0
1rcf,A,V160A,1.1,H,0.0281690141
3b0k,A,T29V,-1.86,H,0
3b0k,A,T29I,-3.23,H,0
1hue,A,A27S,1.19,H,0
1hue,A,V42I,0.82,-,0.0211267606
1ig5,A,D19N,-0.74,-,0.4539877301
2nvh,A,T9A,0.8,E,0.0352112676
2nvh,A,T9L,0.7,E,0.0352112676
2nvh,A,T9Q,1.9,E,0.0352112676
2nvh,A,T9G,2.6,E,0.0352112676
2nvh,A,K97R,0.5,G,0.4487804878
2nvh,A,K97G,1.2,G,0.4487804878
2nvh,A,K97V,-0.8,G,0.4487804878
1k9q,A,A16R,-0.6,E,0.2735849057
1k9q,A,L26Y,-0.54,E,0.3170731707
2nwd,A,C77A,4.6,T,0.1481481481
1mbg,A,V14I,-2.9,H,0
1mbg,A,V14L,-10.2,H,0
1mgr,A,Y9F,0.6,G,0.2882882883
1mgr,A,Y31F,-0.5,S,0.3243243243
1mgr,A,Y52F,2.6,S,0.1351351351
1mgr,A,Y53F,2.1,-,0.027027027
1mgr,A,Y56F,0.7,E,0.1351351351
1mgr,A,Y81F,1.5,E,0.0045045045
1mgr,A,Y82F,1,E,0.045045045
1otr,B,V0A,12.6,-,1
1otr,B,V0N,22.5,-,1
1otr,B,V0T,15.6,-,1
1otr,B,V12A,6.8,H,0.3882978723
1otr,B,V12N,20.5,H,0.3882978723
1otr,B,V12T,7.9,H,0.3882978723
1otr,B,I25L,8.2,H,0.4366197183
1otr,B,E29L,-1.3,H,0.6958762887
1otr,B,E29T,-1.43,H,0.6958762887
1otr,B,E29I,-1.58,H,0.6958762887
1otr,B,E29W,-1.24,H,0.6958762887
1otr,B,E29C,-0.84,H,0.6958762887
1otr,B,E29F,0.64,H,0.6958762887
1otr,B,E29V,-0.79,H,0.6958762887
1otr,B,E29Q,1.53,H,0.6958762887
1otr,B,E29K,1.67,H,0.6958762887
1otr,B,E29G,1.46,H,0.6958762887
1otr,B,E29H,3.15,H,0.6958762887
1otr,B,E29P,8.9,H,0.6958762887
1otr,B,I31F,3.6,T,0.9108280255
1otr,B,I31L,5.5,T,0.9108280255
1otr,B,I31V,3.3,T,0.9108280255
1otr,B,Q36L,1.1,H,0.5
1otr,B,Q36N,10.7,H,0.5
1otr,B,Q36T,1.8,H,0.5
1otr,B,Q36S,5.3,H,0.5
1otr,B,L62A,11.8,-,0.0650887574
1otr,B,L62N,14.2,-,0.0650887574
1otr,B,L62T,12.2,-,0.0650887574
1otr,B,L62S,13.8,-,0.0650887574
2qmt,A,T25P,2.8,H,0.4014084507
2qmt,A,V29P,3.5,H,0.4154929577
2qmt,A,D36P,3.1,H,0.6441717791
2qmt,A,D46A,5.7,E,0.5398773006
2qmt,A,D47A,-1.5,T,0.5766871166
2qmt,A,T49A,3.6,T,0.5704225352
2qmt,A,K50A,1.9,T,0.2243902439
2qmt,A,T53C,-0.58,E,0.2323943662
2qmt,A,T53L,-0.91,E,0.2323943662
2qmt,A,T53R,-0.96,E,0.2323943662
2qmt,A,T53N,-0.84,E,0.2323943662
2qmt,A,T53H,-0.99,E,0.2323943662
2qmt,A,T53Q,-0.98,E,0.2323943662
2qmt,A,T53K,-1.01,E,0.2323943662
2qmt,A,T53E,-1.13,E,0.2323943662
2qmt,A,T53D,-2.21,E,0.2323943662
2qmt,A,T53G,-2.57,E,0.2323943662
1poh,A,S46D,-1.4,-,0.2307692308
1poh,A,S46A,1.1,-,0.2307692308
3ne4,A,A225F,2.2,E,0
1lni,A,V2T,0.9,-,0.2042253521
1lni,A,D17K,1.1,H,0.5644171779
1lni,A,T18V,1.4,H,0.0211267606
1lni,A,D25H,-0.9,T,0.8650306748
1lni,A,D33A,6,T,0.0981595092
1lni,A,V36T,1.3,E,0.2253521127
1lni,A,N39D,1.5,-,0.0891719745
1lni,A,N39S,2.3,-,0.0891719745
1lni,A,N39A,2.2,-,0.0891719745
1lni,A,E41K,1.5,T,0.7268041237
1lni,A,V43T,0.5,-,0.1549295775
1lni,A,Y51F,2.3,S,0.1441441441
1lni,A,Y52F,3.6,-,0.027027027
1lni,A,E54Q,2.3,E,0.1030927835
1lni,A,Y55F,0.6,E,0.0990990991
1lni,A,T56V,1.9,E,0.0070422535
1lni,A,V57T,4.4,-,0
1lni,A,T59V,1.7,-,0.2605633803
1lni,A,R65A,1.3,-,0.1370967742
1lni,A,D79Y,-2.9,E,0.0674846626
1lni,A,D79I,-2.8,E,0.0674846626
1lni,A,D79R,-2.7,E,0.0674846626
1lni,A,D79L,-2.7,E,0.0674846626
1lni,A,D79K,-2.3,E,0.0674846626
1lni,A,D79W,-2.3,E,0.0674846626
1lni,A,D79H,-1.8,E,0.0674846626
1lni,A,D79N,-2.3,E,0.0674846626
1lni,A,D79A,-3.3,E,0.0674846626
1lni,A,D79F,-3.7,E,0.0674846626
1lni,A,Y80F,1.5,E,0.036036036
1lni,A,Y81F,1.2,E,0.0855855856
1lni,A,T82V,1.7,E,0.0070422535
1lni,A,Q94K,-1.1,-,0.4949494949
1rn1,A,N9A,0.71,E,0.3694267516
1rn1,A,Y11F,2.03,E,0.018018018
1rn1,A,S12A,1.08,-,0.2692307692
1rn1,A,S17A,-0.57,H,0.4846153846
1rn1,A,A21C,0.74,H,0.5188679245
1rn1,A,A21F,0.57,H,0.5188679245
1rn1,A,A21G,0.9,H,0.5188679245
1rn1,A,A21K,0.51,H,0.5188679245
1rn1,A,A21T,0.57,H,0.5188679245
1rn1,A,A21V,0.66,H,0.5188679245
1rn1,A,A21D,0.71,H,0.5188679245
1rn1,A,A21E,0.69,H,0.5188679245
1rn1,A,Y42F,-1.15,E,0.0540540541
1rn1,A,Y56F,0.71,E,0.1171171171
1rn1,A,S64A,1.56,T,0.8230769231
1rn1,A,Y68F,1.35,-,0.027027027
1rn1,A,N81A,2.91,-,0.0382165605
2ijk,A,D29G,-2,T,0.7852760736
2ijk,A,D29Q,-1.8,T,0.7852760736
2ijk,A,D29E,-1,T,0.7852760736
2ijk,A,D29S,-1,T,0.7852760736
2ijk,A,D29K,-0.9,T,0.7852760736
2ijk,A,D29H,-0.9,T,0.7852760736
2ijk,A,D29C,-0.8,T,0.7852760736
2ijk,A,D29R,-0.8,T,0.7852760736
2ijk,A,D29N,-0.8,T,0.7852760736
2ijk,A,D29M,-0.6,T,0.7852760736
2ijk,A,D29I,0.8,T,0.7852760736
2ijk,A,D29P,1.6,T,0.7852760736
2ijk,A,L40V,2.53,H,0
2ijk,A,L40A,6.12,H,0
1kf5,A,A4S,0.62,H,0.5
1kf5,A,A5S,0.52,H,0.3490566038
1kf5,A,F46L,13.4,E,0
1kf5,A,F46V,19,E,0
1kf5,A,F46A,26.6,E,0
1kf5,A,V47A,15.9,E,0
1kf5,A,V47G,30.71,E,0
1kf5,A,V54A,10.79,H,0
1kf5,A,V54G,20.36,H,0
1kf5,A,V54L,4.54,H,0
1kf5,A,V54I,8.14,H,0
1kf5,A,V57A,11.93,G,0
1kf5,A,V57G,23.09,G,0
1kf5,A,V57L,9.91,G,0
1kf5,A,V57I,5.43,G,0
1kf5,A,V63A,8.47,E,0.1901408451
1kf5,A,V63G,14.63,E,0.1901408451
1kf5,A,A64G,1.82,-,0.6320754717
1kf5,A,I81V,1.79,E,0.0177514793
1kf5,A,I81A,12.5,E,0.0177514793
1kf5,A,I81G,20.09,E,0.0177514793
1kf5,A,P93A,2.7,T,0.625
1kf5,A,P93S,2.1,T,0.625
1kf5,A,P93G,2.6,T,0.625
1kf5,A,Y97F,3.54,E,0.0405405405
1kf5,A,Y97A,12,E,0.0405405405
1kf5,A,Y97G,11.7,E,0.0405405405
1kf5,A,I106V,3.35,-,0
1kf5,A,I106A,18.29,-,0
1kf5,A,I106L,7.48,-,0
1kf5,A,I107A,11.9,E,0.1656804734
1kf5,A,I107L,9.18,E,0.1656804734
1kf5,A,V108A,17.57,E,0
1kf5,A,V108G,30.47,E,0
1kf5,A,V108L,2.93,E,0
1kf5,A,V108I,1.82,E,0
1kf5,A,A109G,1.8,E,0.0283018868
1kf5,A,P114A,3.2,T,0.7279411765
1kf5,A,P114G,3.6,T,0.7279411765
1kf5,A,V116A,2.78,E,0.1690140845
1kf5,A,V116G,4.95,E,0.1690140845
1kf5,A,V118A,8.04,E,0.1971830986
1kf5,A,V118G,11.6,E,0.1971830986
1kf5,A,D121N,1.9,E,0.1104294479
1kf5,A,D121A,2.2,E,0.1104294479
1ra9,A,L28R,-0.5,H,0.6097560976
1ra9,A,V75S,1.9,E,0.0633802817
1ra9,A,V75H,1.9,E,0.0633802817
1ra9,A,V75I,2,E,0.0633802817
1ra9,A,V75R,2.8,E,0.0633802817
1ra9,A,V75Y,2.3,E,0.0633802817
1ra9,A,V88I,1.73,-,0.338028169
1ra9,A,E139K,2.36,E,0.4278350515
1ra9,A,E139Q,1.36,E,0.4278350515
4wor,A,I13G,2.6,E,0.4378698225
4wor,A,V18F,1.5,E,0.014084507
4wor,A,L20A,2.8,E,0
4wor,A,T28S,1.4,E,0.2676056338
4wor,A,L31A,3.6,E,0.0182926829
4wor,A,L31G,5.4,E,0.0182926829
4wor,A,L32A,1.8,T,0.0670731707
4wor,A,L32G,3.9,T,0.0670731707
4wor,A,A55G,1.5,H,0.4150943396
4wor,A,A55V,2.9,H,0.4150943396
4wor,A,F56A,2.4,H,0.3096446701
4wor,A,F56G,4.7,H,0.3096446701
4wor,A,T57A,2.4,H,0
4wor,A,T57G,3.4,H,0
4wor,A,V61L,-0.6,H,0.0211267606
4wor,A,E68A,1.6,E,0.2886597938
4wor,A,F71A,4.1,E,0.1319796954
4wor,A,F71G,4.7,E,0.1319796954
4wor,A,D72A,3.2,-,0.0613496933
4wor,A,D72G,2.2,-,0.0613496933
4wor,A,G74S,1.2,S,0.2380952381
4wor,A,D78A,3.9,-,0.2085889571
4wor,A,D78G,2.8,-,0.2085889571
4wor,A,G83V,-0.6,E,0
4wor,A,L84F,1.2,E,0.1646341463
4wor,A,A85S,2.6,E,0
4wor,A,Y86S,5.3,E,0
4wor,A,D90A,3.6,T,0.527607362
4wor,A,D90G,3.1,T,0.527607362
4wor,A,L98A,4.6,H,0
4wor,A,N113D,2.5,B,0.050955414
4wor,A,H119L,-1.9,H,0.5
4wor,A,W135F,0.6,-,0.3876651982
4wor,A,W135Y,1.1,-,0.3876651982
4wor,A,W135L,4.5,-,0.3876651982
1gvp,A,L28V,-0.55,E,0.3597560976
1gvp,A,E30F,-1,E,0.087628866
1gvp,A,E30N,0.55,E,0.087628866
1gvp,A,L32Y,-0.5,E,0.4451219512
1gvp,A,L32R,0.8,E,0.4451219512
1gvp,A,L32W,-1.4,E,0.4451219512
1gvp,A,C33M,1.75,E,0
1gvp,A,C33L,1.3,E,0
1gvp,A,C33S,2.15,E,0
1gvp,A,C33T,2.3,E,0
1gvp,A,V35A,1.1,E,0
1gvp,A,V35C,0.7,E,0
1gvp,A,V35L,1.35,E,0
1gvp,A,V35M,0.5,E,0
1gvp,A,V35F,1.55,E,0
1gvp,A,V35T,2.65,E,0
1gvp,A,D36N,0.5,-,0.263803681
1gvp,A,D36C,1.05,-,0.263803681
1gvp,A,L37A,3.85,-,0.2682926829
1gvp,A,L37C,2.3,-,0.2682926829
1gvp,A,L37I,0.7,-,0.2682926829
1gvp,A,L37T,2.6,-,0.2682926829
1gvp,A,L37V,1.75,-,0.2682926829
1gvp,A,E40C,0.8,S,0.7835051546
1gvp,A,V43C,1.05,E,0.3521126761
1gvp,A,V43T,0.8,E,0.3521126761
1gvp,A,V45A,1.05,E,0.0070422535
1gvp,A,V45L,1.5,E,0.0070422535
1gvp,A,V45T,1.75,E,0.0070422535
1gvp,A,I47T,3.7,E,0.0177514793
1gvp,A,I47C,2.6,E,0.0177514793
1gvp,A,I47V,1.25,E,0.0177514793
1gvp,A,I47M,1.05,E,0.0177514793
1gvp,A,I47F,0.95,E,0.0177514793
1gvp,A,I47A,3.55,E,0.0177514793
1gvp,A,L49A,3.05,E,0.0304878049
1gvp,A,L49C,2.05,E,0.0304878049
1gvp,A,L49I,0.95,E,0.0304878049
1gvp,A,L49T,2.85,E,0.0304878049
1gvp,A,L49V,1.45,E,0.0304878049
1gvp,A,D50H,0.8,-,0.2392638037
1gvp,A,T62V,-0.65,E,0.2464788732
1gvp,A,V63C,2.05,E,0.0281690141
1gvp,A,V63T,2.5,E,0.0281690141
1gvp,A,L65P,0.75,G,0.3231707317
1gvp,A,S67C,1.85,G,0
1gvp,A,S67T,0.8,G,0
1gvp,A,F68L,2.15,E,0.0609137056
1gvp,A,F68V,2.5,E,0.0609137056
1gvp,A,K69H,0.65,E,0.4585365854
1gvp,A,V70C,1.65,E,0.3098591549
1gvp,A,V70P,2.55,E,0.3098591549
1gvp,A,V70T,1.75,E,0.3098591549
1gvp,A,M77I,-0.8,E,0.4414893617
1gvp,A,M77V,-0.6,E,0.4414893617
1gvp,A,M77A,1.05,E,0.4414893617
1gvp,A,M77L,0.6,E,0.4414893617
1gvp,A,I78C,2.2,E,0.100591716
1gvp,A,I78T,3.3,E,0.100591716
1gvp,A,I78V,0.65,E,0.100591716
1gvp,A,L81C,1.85,-,0.0365853659
1gvp,A,L81T,2.55,-,0.0365853659
1gvp,A,R82C,0.75,-,0.189516129
1wq5,A,E49A,-0.59,E,0.0154639175
1wq5,A,E49V,-1.01,E,0.0154639175
1wq5,A,E49I,-1.24,E,0.0154639175
1wq5,A,E49L,-1.04,E,0.0154639175
1wq5,A,E49P,-0.8,E,0.0154639175
1wq5,A,E49W,1.1,E,0.0154639175
1wq5,A,E49H,-0.67,E,0.0154639175
1wq5,A,E49Q,-0.54,E,0.0154639175
1wq5,A,E49M,-0.52,E,0.0154639175
1wq5,A,Y175C,0.5,-,1
1wq5,A,G211D,0.7,H,0.4634146341
1wq5,A,G211W,0.5,H,0.4634146341
1hb6,A,F5A,2.52,H,0.0050761421
1hb6,A,A9G,1.81,H,0.1698113208
1hb6,A,V12A,1.69,G,0.0704225352
1hb6,A,L15A,3.1,-,0.1524390244
1hb6,A,P19A,1.07,-,0.0735294118
1hb6,A,D21H,0.56,H,0.7484662577
1hb6,A,L25A,1.02,H,0.262195122
1hb6,A,Y28A,2.47,H,0.3198198198
1hb6,A,Y28F,1.06,H,0.3198198198
1hb6,A,Y28N,2.23,H,0.3198198198
1hb6,A,Y31N,1.52,H,0.4189189189
1hb6,A,K32A,1.02,H,0.4048780488
1hb6,A,K32R,1.83,H,0.4048780488
1hb6,A,K32E,1.68,H,0.4048780488
1hb6,A,Q33A,3.66,H,0
1hb6,A,A34G,1.57,H,0.0566037736
1hb6,A,T35A,1.09,H,0.3943661972
1hb6,A,P44A,1.4,-,0.2573529412
1hb6,A,K54A,0.86,H,0.4975609756
1hb6,A,Y73A,4.83,H,0.018018018
1hb6,A,V77A,1.14,H,0
1hb6,A,L80A,3.7,H,0.006097561
1rg8,A,L48P,-2.9,E,0
1rg8,A,L77V,6.1,E,0.1158536585
1rg8,A,C87S,8,S,0
1rg8,A,H97G,-6.7,T,0.6304347826
1rg8,A,V113L,2.4,-,0.0070422535
1rg8,A,C121S,1.1,B,0.2296296296
1aky,A,V6I,5,E,0.0070422535
1aky,A,T75H,9,H,0.4577464789
1aky,A,N167D,9,S,0.4140127389
1aky,A,I211F,8,H,0
2ci2,I,K3A,0.55,-,0.443902439
2ci2,I,K3M,0.67,-,0.443902439
2ci2,I,T4G,1.16,-,0.4154929577
2ci2,I,T4A,0.85,-,0.4154929577
2ci2,I,P7A,1.57,G,0.3308823529
2ci2,I,E8Q,0.62,G,0.4226804124
2ci2,I,E15D,0.52,H,0.6288659794
2ci2,I,E15N,0.7,H,0.6288659794
2ci2,I,E16D,0.74,H,0.5051546392
2ci2,I,E16N,1.07,H,0.5051546392
2ci2,I,A17G,1.09,H,0
2ci2,I,K18G,2.32,H,0.3414634146
2ci2,I,K19G,0.97,H,0.7219512195
2ci2,I,L22A,1.33,H,0.4512195122
2ci2,I,L22G,1.38,H,0.4512195122
2ci2,I,Q23G,0.6,H,0.7878787879
2ci2,I,D24A,0.96,H,0.4171779141
2ci2,I,K25G,3.19,-,0.0243902439
2ci2,I,I30A,3.89,E,0.1183431953
2ci2,I,I31G,3.52,E,0
2ci2,I,I31T,1.34,E,0
2ci2,I,I31A,2.12,E,0
2ci2,I,L33A,2.37,E,0.0182926829
2ci2,I,L33V,0.5,E,0.0182926829
2ci2,I,V35G,2.43,T,0.0985915493
2ci2,I,V35A,0.63,T,0.0985915493
2ci2,I,V35T,1.03,T,0.0985915493
2ci2,I,T37V,0.76,-,0.2464788732
2ci2,I,V39A,1.47,-,0.3873239437
2ci2,I,T40A,0.69,-,0.5845070423
2ci2,I,E42A,0.7,-,0.5154639175
2ci2,I,R44A,0.58,-,0.1774193548
2ci2,I,D46A,0.8,T,0.2760736196
2ci2,I,V48A,4.91,E,0
2ci2,I,L50A,3.74,E,0
2ci2,I,F51V,2.39,E,0.1573604061
2ci2,I,F51A,3.84,E,0.1573604061
2ci2,I,F51L,2.11,E,0.1573604061
2ci2,I,D53A,3.41,-,0.0552147239
2ci2,I,N57D,1.21,B,0.2484076433
2ci2,I,N57A,0.83,B,0.2484076433
2ci2,I,I58A,4.34,B,0
2ci2,I,A59G,1.88,-,0.0094339623
2ci2,I,V61A,1.51,-,0.1056338028
2ci2,I,V61G,3.24,-,0.1056338028
2ci2,I,P62A,3.34,-,0.0147058824
2ci2,I,V64T,1.15,E,0.1197183099
2ci2,I,V64A,1.45,E,0.1197183099
2ci2,I,V64G,3.5,E,0.1197183099
2hpr,A,S45D,-0.7,-,0.3769230769
3fa0,A,M6A,1.9,H,0
3fa0,A,M6L,2.8,H,0
3fa0,A,L7A,2.6,H,0
3fa0,A,I17A,2.7,E,0.1893491124
3fa0,A,D20N,-1.3,-,0.3006134969
3fa0,A,D20T,-0.9,-,0.3006134969
3fa0,A,D20S,-0.7,-,0.3006134969
3fa0,A,E22K,-0.57,T,0.7010309278
3fa0,A,T26S,-0.57,E,0.0211267606
3fa0,A,I27A,3.1,E,0
3fa0,A,G28A,2,E,0
3fa0,A,I29A,2.6,T,0.0177514793
3fa0,A,H31N,4,E,0.1467391304
3fa0,A,L33A,3.6,E,0.0853658537
3fa0,A,L39A,0.9,H,0.4756097561
3fa0,A,A41S,0.6,H,0.2452830189
3fa0,A,A42S,2.3,H,0
3fa0,A,A42K,3.7,H,0
3fa0,A,K43A,1.1,H,0.2536585366
3fa0,A,S44G,0.53,H,0.4153846154
3fa0,A,S44P,3.03,H,0.4153846154
3fa0,A,L46A,2.1,H,0
3fa0,A,D47A,0.95,H,0.1963190184
3fa0,A,K48A,0.56,H,0.843902439
3fa0,A,A49S,0.5,H,0.358490566
3fa0,A,I50A,2,H,0.224852071
3fa0,A,I58T,3.4,-,0.0177514793
3fa0,A,I58A,3.2,-,0.0177514793
3fa0,A,T59N,1.1,-,0.485915493
3fa0,A,T59D,1.2,-,0.485915493
3fa0,A,T59G,1.6,-,0.485915493
3fa0,A,T59V,1.5,-,0.485915493
3fa0,A,T59A,1.5,-,0.485915493
3fa0,A,L66A,3.9,H,0.0182926829
3fa0,A,F67A,1.9,H,0.0304568528
3fa0,A,Q69P,2.9,H,0.5101010101
3fa0,A,V71A,1.5,H,0.0211267606
3fa0,A,D72P,2.7,H,0.4539877301
3fa0,A,A74P,4.5,H,0.0377358491
3fa0,A,V75T,1.3,H,0.2253521127
3fa0,A,I78M,1.5,H,0
3fa0,A,I78A,1.6,H,0
3fa0,A,I78V,0.8,H,0
3fa0,A,L84M,1.9,H,0
3fa0,A,L84A,3.9,H,0
3fa0,A,V87T,1.6,H,0.0281690141
3fa0,A,V87A,1.7,H,0.0281690141
3fa0,A,S90H,1.1,H,0.2461538462
3fa0,A,L91M,0.8,S,0.0243902439
3fa0,A,L91A,3.1,S,0.0243902439
3fa0,A,D92N,1.4,-,0.3435582822
3fa0,A,V94A,1.8,H,0.1971830986
3fa0,A,A98S,2.5,H,0
3fa0,A,L99V,2,H,0
3fa0,A,L99I,1.5,H,0
3fa0,A,L99M,0.6,H,0
3fa0,A,L99A,4,H,0
3fa0,A,L99G,6.3,H,0
3fa0,A,I100M,1.6,H,0.0355029586
3fa0,A,I100A,3.4,H,0.0355029586
3fa0,A,N101A,1.5,H,0
3fa0,A,M102K,2.2,H,0.0159574468
3fa0,A,M102L,1,H,0.0159574468
3fa0,A,V103M,1.2,H,0.0281690141
3fa0,A,V103A,2.2,H,0.0281690141
3fa0,A,V103I,0.5,H,0.0281690141
3fa0,A,F104A,3.1,H,0.1573604061
3fa0,A,Q105M,1.2,H,0.2828282828
3fa0,A,M106A,2.3,H,0.3191489362
3fa0,A,M106L,-0.5,H,0.3191489362
3fa0,A,M106K,3.4,H,0.3191489362
3fa0,A,E108V,-1.4,H,0.324742268
3fa0,A,T109D,-0.6,H,0.8661971831
3fa0,A,V111F,1.69,H,0.0070422535
3fa0,A,V111I,0.85,H,0.0070422535
3fa0,A,V111A,1.1,H,0.0070422535
3fa0,A,S117A,-1.27,H,0
3fa0,A,L118M,0.7,H,0.0365853659
3fa0,A,L118A,3.5,H,0.0365853659
3fa0,A,L118I,1.2,H,0.0365853659
3fa0,A,M120L,-0.5,H,0.170212766
3fa0,A,M120K,1.6,H,0.170212766
3fa0,A,L121M,0.8,H,0.012195122
3fa0,A,L121A,2.7,H,0.012195122
3fa0,A,A129L,1.3,H,0
3fa0,A,A129M,1.9,H,0
3fa0,A,A130S,1,H,0.1320754717
3fa0,A,L133D,5.7,H,0.012195122
3fa0,A,N144E,-0.5,H,0.7197452229
3fa0,A,V149S,4.4,H,0
3fa0,A,V149G,4.9,H,0
3fa0,A,V149T,2.8,H,0
3fa0,A,V149A,3.2,H,0
3fa0,A,T152A,1.5,H,0
3fa0,A,T152C,0.5,H,0
3fa0,A,F153A,3.8,H,0.0101522843
3fa0,A,F153V,1.8,H,0.0101522843
3fa0,A,F153M,0.6,H,0.0101522843
2cle,A,A17G,1.5,-,0.3962264151
2cle,A,Y174Q,1.9,E,0.4234234234
2cle,A,I231V,0.5,None,None
2hds,A,Y147F,0.7,-,0.1081081081
1hwg,A,S71A,0.97,-,0.2461538462
1hwg,A,S71V,1.19,-,0.2461538462
1hwg,A,S71Q,1.28,-,0.2461538462
1hwg,A,E74D,0.55,H,0.2680412371
1hwg,A,E74S,0.91,H,0.2680412371
1hwg,A,E74T,0.55,H,0.2680412371
1hwg,A,E74L,0.79,H,0.2680412371
3q27,A,V8G,1.1,E,0
3q27,A,G19C,2.3,H,0.5796178344
3q27,A,A276G,1.5,H,0.237804878
3q27,A,Y283D,3.2,I,0.4713375796
3q27,A,T345I,-0.7,H,0.3911290323
3ssi,A,V8A,6.93,E,0.0070422535
3ssi,A,V8G,9.31,E,0.0070422535
3ssi,A,V8F,5.33,E,0.0070422535
3ssi,A,V8I,0.94,E,0.0070422535
3ssi,A,V8L,2.52,E,0.0070422535
3ssi,A,V8M,5.43,E,0.0070422535
3ssi,A,M68D,-1.25,-,0.9893617021
3ssi,A,M68E,-0.56,-,0.9893617021
3ssi,A,M68V,0.95,-,0.9893617021
3ssi,A,M68L,0.55,-,0.9893617021
3ssi,A,M68I,1.28,-,0.9893617021
3ssi,A,M98G,7.1,H,0.0106382979
3ssi,A,M98A,2.8,H,0.0106382979
3ssi,A,M98V,2.22,H,0.0106382979
3ssi,A,M98I,2.29,H,0.0106382979
2vb1,A,K13D,28,H,0.6048780488
2vb1,A,G49N,4,S,0.3928571429
2vb1,A,P70N,9,T,0.5735294118
2vb1,A,C94A,20,H,0.0148148148
2vb1,A,N103D,-1,-,0.4840764331
2vb1,A,M105T,1,S,0
5cro,A,Q16L,-2.8,H,0.4141414141
5cro,A,Y26V,-0.9,-,0.8693693694
5cro,A,Y26L,-1.1,-,0.8693693694
5cro,A,Y26Q,-1.4,-,0.8693693694
5cro,A,Y26H,-1.9,-,0.8693693694
5cro,A,Y26C,-2.2,-,0.8693693694
5cro,A,Y26D,-2.7,-,0.8693693694
1aky,A,V6I,1.19,E,0.0070422535
1aky,A,Q46E,0.96,H,0.7272727273
1aky,A,T75H,2.15,H,0.4577464789
1aky,A,T108H,2.63,-,0.2464788732
1aky,A,N167D,2.15,S,0.4140127389	konzervovanost
1aky,A,I211F,1.91,H,0
1am7,A,H31D,1.6,T,0.6413043478
4jzk,A,D84H,1.4,E,0.0981595092
4jzk,A,G85V,2.4,S,0.0833333333
4jzk,A,F86L,0.8,-,0.0203045685
2bt6,A,T51A,1.48,T,0.0222222222
2bt6,A,H53Q,2.17,E,0
2bt6,A,H53R,1.36,E,0
2bt6,A,H53T,1.41,E,0
2bt6,A,Y79L,0.69,T,0.6785714286
2bt6,A,Y79S,0.65,T,0.6785714286
2bt6,A,C92S,-0.93,-,0.0365853659
1azp,A,W24A,2.03,E,0.4273127753		K 88.23
1azp,A,V30I,-0.53,E,0
1a2p,A,D6A,0.6,H,0.6809815951
1a2p,A,D6G,1,H,0.6809815951
1a2p,A,D10G,0.6,H,0.6012269939
1a2p,A,L12A,4.2,H,0
1a2p,A,T15A,1.9,H,0.527027027
1a2p,A,T24G,1.9,-,0.2112676056
1a2p,A,I49V,1.86,E,0.0177514793
1a2p,A,G50A,5.3,E,0.0595238095
1a2p,A,G51A,3.4,E,0.130952381
1a2p,A,G51V,7.8,E,0.130952381
1a2p,A,D52N,2.38,E,0.2760736196
1a2p,A,R67M,2.68,-,0.189516129
1a2p,A,R81Q,1.4,-,0.1491935484
1a2p,A,I86A,4.2,E,0
1a2p,A,I86V,1.4,E,0
1a2p,A,S89A,1.38,E,0.0153846154
1a2p,A,S90A,2.65,T,0.4923076923
1a2p,A,I94A,3.3,E,0.0650887574
1a2p,A,I94V,0.9,E,0.0650887574
1a2p,A,D10A,-1.1,H,0.6012269939
1a2p,A,D10G,1.2,H,0.6012269939
1a2p,A,Y11G,6.4,H,0.1981981982
1a2p,A,Q13G,1.4,H,0.4898989899
1a2p,A,Y15G,4.9,H,0.527027027
1a2p,A,I53G,3.1,E,0.5621301775
1a2p,A,R70G,2.5,E,0.4153225806
1a2p,A,E71G,5.4,E,0.1391752577
1a2p,A,L87G,7,E,0
1a2p,A,L93G,4.7,-,0.2926829268
1a2p,A,I94G,5.7,E,0.0650887574
1a2p,A,Y95G,6.6,E,0.1666666667
1a6m,A,V13A,0.67,H,0
1a6m,A,G23A,1.12,H,0.0595238095
1a6m,A,I28A,1.33,H,0.0177514793
1a6m,A,I28L,0.55,H,0.0177514793
1a6m,A,I28M,0.56,H,0.0177514793
1a6m,A,L29A,2.37,H,0.0182926829
1a6m,A,L29I,1.12,H,0.0182926829
1a6m,A,L29V,1.72,H,0.0182926829
1a6m,A,L49I,0.8,-,0.0304878049
1a6m,A,T51A,1.41,S,0.3802816901
1a6m,A,V66A,-0.75,H,0.323943662
1a6m,A,L69A,1.18,H,0.0182926829
1a6m,A,P88A,-0.59,H,0.625
1a6m,A,I111A,1.84,H,0.0473372781
1a6m,A,I111L,0.64,H,0.0473372781
1a6m,A,I111M,1.14,H,0.0473372781
1a6m,A,V114A,1.45,H,0.0070422535
1a6m,A,G129A,-1.05,H,0.4166666667
1a6m,A,L135I,1.54,H,0.0243902439
1a6m,A,L135M,0.79,H,0.0243902439
1a6m,A,L135V,2.25,H,0.0243902439
1a6m,A,L137A,1.78,H,0.1707317073
1a6m,A,I142A,1.92,H,0.0118343195
1a6m,A,I142L,-0.63,H,0.0118343195
1a6m,A,I142M,-0.93,H,0.0118343195
1a6m,A,L149A,1.6,H,0.4451219512
1c52,A,M69A,-5.01,E,0.2074468085
1c52,A,M69H,0.71,E,0.2074468085
1c8c,A,W24A,0.75,E,0.4273127753
1c8c,A,I30V,0.73,E,0
1c8c,A,F32Y,2.14,E,0
1c9o,A,Q2L,-0.55,E,0.3636363636
1c9o,A,R3A,1.89,E,0.6653225806
1c9o,A,R3E,2.75,E,0.6653225806
1c9o,A,R3L,0.93,E,0.6653225806
1c9o,A,H29E,0.76,E,0.3423913043
1c9o,A,E46K,0.64,E,0.3865979381
1c9o,A,E50K,0.5,E,0.3711340206
1c9o,A,R56E,-0.76,T,0.5927419355
1c9o,A,L66E,1.24,-,0.7134146341
1chk,A,W28F,4.43,G,0.127753304
1chk,A,W101F,4.27,H,0
1chk,A,W227F,2.51,E,0.0220264317
3pf4,A,M1R,-1.74,-,0.7021276596
3pf4,A,E3K,-2.75,E,0.8195876289
3pf4,A,E3L,-1.62,E,0.8195876289
3pf4,A,E3Q,-1.31,E,0.8195876289
3pf4,A,E3R,-2.65,E,0.8195876289
3pf4,A,E3V,-1.77,E,0.8195876289
3pf4,A,N10D,-0.67,E,0.3439490446
3pf4,A,F15A,2.27,E,0.2791878173
3pf4,A,F17A,1.53,E,0.3197969543
3pf4,A,D25Q,0.81,E,0.3742331288
3pf4,A,F27A,0.84,E,0.3248730964
3pf4,A,A46E,0.6,E,0.4433962264
3pf4,A,A46K,-1.41,E,0.4433962264
3pf4,A,A46L,-0.81,E,0.4433962264
3pf4,A,S48K,-1.41,E,0.2769230769
3pf4,A,S48R,-1.58,E,0.2769230769
3pf4,A,E50Q,1.22,E,0.4432989691
3pf4,A,T64R,-1.07,E,0.3521126761
3pf4,A,K65I,-1.53,-,0.6975609756
3pf4,A,E66K,-2.17,None,None
3pf4,A,E66L,-2.1,None,None
3pf4,A,E66V,-1.72,None,None
1cyo,A,F35H,3.41,T,0.1015228426
1cyo,A,F35L,1.92,T,0.1015228426
1cyo,A,V45E,2.37,H,0.2887323944
1cyo,A,V45H,1.36,H,0.2887323944
1cyo,A,V45Y,1.54,H,0.2887323944
1cyo,A,V61E,1.1,T,0.6338028169
1cyo,A,V61H,1.63,T,0.6338028169
1cyo,A,V61K,2.34,T,0.6338028169
1cyo,A,V61Y,1.29,T,0.6338028169
1v0l,A,W84A,-1.08,E,0.0837004405
1v0l,A,W84F,2.2,E,0.0837004405
1v0l,A,W84H,0.53,E,0.0837004405
1v0l,A,Y171A,2.77,S,0.2117117117
1v0l,A,Y171F,0.5,S,0.2117117117
1v0l,A,Y171S,-0.86,S,0.2117117117
1v0l,A,W265A,2.58,S,0.0572687225
1v0l,A,W265F,1.81,S,0.0572687225
1v0l,A,W265H,3.99,S,0.0572687225
1v0l,A,W273A,-2.27,T,0.5330396476
4wor,A,D16K,-1,T,0.0736196319
4wor,A,D16N,-1.4,T,0.0736196319
4wor,A,V18A,1.72,E,0.014084507
4wor,A,L20A,1.78,E,0
4wor,A,G24C,1.1,T,0.7857142857
4wor,A,G24F,1.1,T,0.7857142857
4wor,A,M27I,0.6,E,0.2234042553
4wor,A,M27L,0.8,E,0.2234042553
4wor,A,T36I,-0.7,-,0.0281690141
4wor,A,G45C,0.8,-,0.380952381
4wor,A,E52C,0.7,H,0.4793814433
4wor,A,E52F,0.9,H,0.4793814433
4wor,A,S54A,-0.5,H,0.1307692308
4wor,A,A55C,1.2,H,0.4150943396
4wor,A,V61A,1.72,H,0.0211267606
4wor,A,V61W,1.22,H,0.0211267606
4wor,A,A64T,2.08,-,0.1886792453
4wor,A,K65C,0.5,S,0.8048780488
4wor,A,G74S,2,S,0.2380952381
4wor,A,G83V,1.18,E,0
4wor,A,L84F,1.22,E,0.1646341463
4wor,A,A85S,1.46,E,0
4wor,A,R100C,2.7,H,0.2943548387
4wor,A,R100F,3.1,H,0.2943548387
4wor,A,A107C,0.8,-,0.2641509434
4wor,A,A107F,1.3,-,0.2641509434
4wor,A,P112G,-1,T,0.2941176471
4wor,A,H119L,-1.57,H,0.5
4wor,A,S123A,-0.7,H,0.1076923077
4wor,A,K129C,0.7,H,0.6682926829
1f6r,A,H32A,2.12,H,0.1793478261
1f6r,A,V42A,0.93,E,0.3661971831
1f6r,A,V42G,1.15,E,0.3661971831
1f6r,A,I59W,0.93,T,0.0473372781
1f6r,A,Y103A,2.56,G,0.0990990991
1f6r,A,W104Y,2.44,S,0.0352422907
1f6r,A,A106S,1.05,H,0.0377358491
1f6r,A,H107A,0.79,H,0.0380434783
1f6r,A,H107W,1.72,H,0.0380434783
1f6r,A,L110H,-1.39,H,0.237804878
1f6r,A,K114E,0.65,-,0.7804878049
1f6r,A,K114N,-2.65,-,0.7804878049
1f6r,A,K114Q,0.6,-,0.7804878049
1f6r,A,Q117A,0.96,G,0.595959596
1f6r,A,W118H,0.6,G,0.1321585903
1f6r,A,W118Y,1.17,G,0.1321585903
4wf5,A,P151A,6.82,S,0.2279411765
1gv5,A,V14I,-0.72,H,0
1h7m,A,D5A,0.53,H,0.3301886792
1h7m,A,E9A,0.89,H,0.5564516129
1h7m,A,R11A,0.76,H,0
1h7m,A,K12A,0.62,H,0.303030303
1h7m,A,K18A,0.91,E,0.1197183099
1h7m,A,K31A,1.2,T,0.5357142857
1h7m,A,K49A,1.09,H,0.3926380368
1h7m,A,E53A,-0.57,H,0.3468468468
1h7m,A,E65A,1.29,S,0.8350515464
1h7m,A,E72A,0.74,H,0
1h7m,A,H81A,0.5,-,0.0281690141
1h7m,A,D90A,1.36,T,0.380952381
1h7m,A,R95A,0.52,T,0.4451219512
1h7m,A,R95M,0.79,T,0.4451219512
3b0k,A,T38A,1.6,T,0
1ihb,A,F33H,1.24,T,0.5837563452
1ihb,A,F67N,-0.71,-,0.1472081218
1ihb,A,F88N,1.08,T,0.3197969543
1io2,A,I6A,2.91,E,0
1io2,A,D7N,-1.67,E,0.0122699387
1io2,A,E8A,-2.65,E,0.0206185567
1io2,A,E8Q,-0.6,E,0.0206185567
1io2,A,I15A,2.12,B,0
1io2,A,I20A,4.42,E,0
1io2,A,L33A,4.54,H,0
1io2,A,I56A,3.97,H,0
1io2,A,L92A,2.87,H,0
1io2,A,I102A,4.04,E,0
1io2,A,D105A,-1.58,E,0.1104294479
1io2,A,L118A,5.26,H,0
1io2,A,D135A,-2.56,H,0.3128834356
1io2,A,L147A,2.61,H,0
1iro,A,I33L,-0.76,S,0
1jiw,I,D10A,0.7,H,0.4417177914
1jiw,I,D10P,0.5,H,0.4417177914
1jiw,I,W15F,2.3,E,0.0088105727
2hds,A,Y147F,0.7,-,0.1081081081
1kf5,A,V47A,3.72,E,0
1kf5,A,V54A,2.58,H,0
1kf5,A,V54G,4.87,H,0
1kf5,A,V54I,1.95,H,0
1kf5,A,V54L,1.08,H,0
1kf5,A,V57A,2.85,G,0
1kf5,A,V57G,5.52,G,0
1kf5,A,V57I,1.3,G,0
1kf5,A,V57L,2.37,G,0
1kf5,A,V63A,2.02,E,0.1901408451
1kf5,A,V63G,3.5,E,0.1901408451
1kf5,A,I81A,2.99,E,0.0177514793
1kf5,A,I81G,4.8,E,0.0177514793
1kf5,A,Y97F,3.54,E,0.0405405405
1kf5,A,I106A,4.37,-,0
1kf5,A,I106L,1.79,-,0
1kf5,A,I106V,0.8,-,0
1kf5,A,I107A,2.84,E,0.1656804734
1kf5,A,I107L,2.19,E,0.1656804734
1kf5,A,V108A,4.2,E,0
1kf5,A,V108L,0.7,E,0
1kf5,A,V116A,0.66,E,0.1690140845
1kf5,A,V116G,1.18,E,0.1690140845
1kf5,A,V118A,1.92,E,0.1971830986
1kf5,A,V118G,2.77,E,0.1971830986
1kf5,A,F46L,3.2,E,0
1kf5,A,F46V,4.54,E,0
1kf5,A,N67D,-0.61,T,0.6942675159
1kf5,A,S75A,2.5,-,0.0230769231
1kf5,A,S75T,2.8,-,0.0230769231
1kf5,A,P93G,2.2,T,0.625
1kf5,A,P114G,3.3,T,0.7279411765
1kf5,A,A4S,0.51,H,0.5
1kfw,A,G83P,-0.5,-,0.5476190476
1kfw,A,N188K,-0.8,S,0.7452229299
1kfw,A,G396Q,-0.62,T,0.4047619048
3run,A,M6A,1.22,H,0
3run,A,M6L,4.98,H,0
3run,A,L7A,2.26,H,0
3run,A,E11H,0.71,H,0.1855670103
3run,A,E11N,1.43,H,0.1855670103
3run,A,I17A,4.21,E,0.1893491124
3run,A,I17M,3.28,E,0.1893491124
3run,A,D20A,0.5,-,0.2515337423
3run,A,D20N,-1.11,-,0.2515337423
3run,A,D20T,-0.58,-,0.2515337423
3run,A,E22K,-0.57,T,0.412371134
3run,A,T26S,-0.57,E,0.0070422535
3run,A,I27A,3.1,E,0
3run,A,I27M,7.09,E,0
3run,A,G28A,2.2,E,0.0119047619
3run,A,I29A,2.6,T,0.0118343195
3run,A,L33A,5.17,E,0.1036585366
3run,A,L33M,2.64,E,0.1036585366
3run,A,L39A,0.9,H,0.4390243902
3run,A,A41S,0.76,H,0.2641509434
3run,A,A42F,5.18,H,0
3run,A,A42I,4.4,H,0
3run,A,A42L,5.1,H,0
3run,A,A42K,3.7,H,0
3run,A,A42V,3.54,H,0
3run,A,A42S,2.56,H,0
3run,A,K43A,2.17,H,0.3170731707
3run,A,S44G,0.53,H,0.3538461538
3run,A,S44P,3.03,H,0.3538461538
3run,A,L46A,4.21,H,0
3run,A,D47A,1.64,H,0.245398773
3run,A,K48A,1.92,H,0.756097561
3run,A,I50A,1.75,H,0.224852071
3run,A,I50M,1.19,H,0.224852071
3run,A,I58A,3.2,-,0.0355029586
3run,A,I58T,3.4,-,0.0355029586
3run,A,T59A,1.5,-,0.4718309859
3run,A,T59D,1.2,-,0.4718309859
3run,A,T59G,1.6,-,0.4718309859
3run,A,T59N,1.1,-,0.4718309859
3run,A,T59V,1.5,-,0.4718309859
3run,A,L66A,5.08,H,0.1219512195
3run,A,L66M,1.03,H,0.1219512195
3run,A,F67A,1.9,H,0.0101522843
3run,A,Q69P,2.9,H,0.595959596
3run,A,V71A,1.5,H,0.0211267606
3run,A,D72P,2.7,H,0.3742331288
3run,A,A74P,4.6,H,0.0283018868
3run,A,I78A,0.57,H,0.0059171598
3run,A,I78M,1.62,H,0.0059171598
3run,A,I78V,0.68,H,0.0059171598
3run,A,L84A,3.53,T,0
3run,A,L84M,2.42,T,0
3run,A,V87A,0.57,H,0
3run,A,V87I,0.63,H,0
3run,A,V87M,2.16,H,0
3run,A,V87T,1.17,H,0
3run,A,S90H,1.1,H,0.3076923077
3run,A,L91A,2.22,S,0.0304878049
3run,A,L91M,0.66,S,0.0304878049
3run,A,D92N,1.4,-,0.3312883436
3run,A,V94A,1.8,H,0.1830985915
3run,A,A98S,2.08,H,0
3run,A,A98C,1.06,H,0
3run,A,A98M,4,H,0
3run,A,A98V,4.43,H,0
3run,A,L99A,3.34,H,0.006097561
3run,A,L99I,1.5,H,0.006097561
3run,A,L99V,2,H,0.006097561
3run,A,I100A,1.7,H,0.0473372781
3run,A,I100M,0.8,H,0.0473372781
3run,A,N101A,1.5,H,0
3run,A,M102A,2.76,H,0.0159574468
3run,A,M102L,1.71,H,0.0159574468
3run,A,V103A,1.11,H,0.0211267606
3run,A,V103M,1.6,H,0.0211267606
3run,A,F104A,2.62,H,0.1573604061
3run,A,F104M,1.08,H,0.1573604061
3run,A,Q105M,1.2,H,0.3232323232
3run,A,M106A,2,H,0.3085106383
3run,A,M106K,3.5,H,0.3085106383
3run,A,T109D,-0.6,H,0.8309859155
3run,A,V111A,0.94,H,0
3run,A,V111F,1.69,H,0
3run,A,V111I,0.85,H,0
3run,A,S117A,-1.27,H,0.0076923077
3run,A,S117F,-1.1,H,0.0076923077
3run,A,L118A,2.71,H,0.0426829268
3run,A,L118I,1.18,H,0.0426829268
3run,A,M120K,1.98,H,0.25
3run,A,M120Y,0.72,H,0.25
3run,A,L121A,2.67,H,0.006097561
3run,A,A129L,1.93,H,0
3run,A,A129M,2.53,H,0
3run,A,A129F,1.85,H,0
3run,A,A129W,3.2,H,0
3run,A,A130S,0.81,H,0.1132075472
3run,A,L133D,7.52,H,0.006097561
3run,A,N144E,-0.5,H,0.6369426752
3run,A,V149A,0.71,H,0
3run,A,V149C,2,H,0
3run,A,V149G,4.9,H,0
3run,A,V149M,2.44,H,0
3run,A,V149S,4.4,H,0
3run,A,V149T,3,H,0
3run,A,T152A,1.5,H,0.0070422535
3run,A,T152C,0.5,H,0.0070422535
3run,A,T152S,2,H,0.0070422535
3run,A,F153A,2.84,H,0.0050761421
3run,A,F153V,1.8,H,0.0050761421
1lhm,A,V2A,1.8,B,0.6901408451
1lhm,A,I56V,1.18,T,0.0059171598
1lhm,A,I59A,1.06,E,0.0118343195
1lhm,A,I59V,1.2,E,0.0118343195
1lhm,A,V74A,0.67,-,0.5704225352
1lhm,A,I89V,0.67,T,0.0236686391
1lhm,A,V93A,0.79,H,0.014084507
1lhm,A,V99A,1.21,H,0.0211267606
1lhm,A,V100A,1.08,H,0.014084507
1lhm,A,I106V,1.31,G,0.100591716
1lhm,A,V121A,1.96,-,0.0915492958
1lhm,A,V125A,1.06,T,0.2183098592
1lhm,A,V130A,0.93,None,None
1lni,A,V2T,0.9,-,0.2042253521
1lni,A,T18V,1.4,H,0.0211267606
1lni,A,D25K,-0.9,T,0.8650306748
1lni,A,D33A,4.05,T,0.0981595092
1lni,A,V36T,1.3,E,0.2253521127
1lni,A,Q38A,-1,-,0.5656565657
1lni,A,N39A,2.2,-,0.0891719745
1lni,A,N39D,1.5,-,0.0891719745
1lni,A,N39S,2.3,-,0.0891719745
1lni,A,E41K,0.7,T,0.7268041237
1lni,A,V43T,0.5,-,0.1549295775
1lni,A,E54Q,1.7,E,0.1030927835
1lni,A,T56V,1.9,E,0.0070422535
1lni,A,V57T,4.4,-,0
1lni,A,T59V,1.7,-,0.2605633803
1lni,A,R65A,1,-,0.1370967742
1lni,A,E74K,-1.1,S,0.7731958763
1lni,A,D79A,-1.47,E,0.0674846626
1lni,A,D79E,-1.26,E,0.0674846626
1lni,A,D79F,-1.06,E,0.0674846626
1lni,A,D79H,-1.21,E,0.0674846626
1lni,A,D79I,-1.02,E,0.0674846626
1lni,A,D79K,-0.73,E,0.0674846626
1lni,A,D79N,-1.21,E,0.0674846626
1lni,A,D79W,-0.73,E,0.0674846626
1lni,A,D79Y,-0.53,E,0.0674846626
1lni,A,T82V,1.7,E,0.0070422535
2nwd,A,K1A,2.3,-,0.4341463415
2nwd,A,K1M,1.39,-,0.4341463415
2nwd,A,V2A,0.76,B,0.6690140845
2nwd,A,V2D,0.84,B,0.6690140845
2nwd,A,V2F,0.84,B,0.6690140845
2nwd,A,V2G,1.3,B,0.6690140845
2nwd,A,V2N,0.77,B,0.6690140845
2nwd,A,V2R,0.64,B,0.6690140845
2nwd,A,V2S,0.81,B,0.6690140845
2nwd,A,V2Y,1.6,B,0.6690140845
2nwd,A,E7Q,1.43,H,0.3556701031
2nwd,A,L8T,2.24,H,0.006097561
2nwd,A,G16A,1.69,T,0.4523809524
2nwd,A,D18N,1.7,T,0.5214723926
2nwd,A,G19A,1.04,T,0.4047619048
2nwd,A,R21A,1.48,T,0.6814516129
2nwd,A,R21G,0.72,T,0.6814516129
2nwd,A,G22A,3.48,T,0.880952381
2nwd,A,I23A,0.73,B,0.0710059172
2nwd,A,A32L,1.13,H,0
2nwd,A,A32S,0.67,H,0
2nwd,A,E35L,0.74,H,0.2164948454
2nwd,A,G37A,0.74,S,0.3095238095
2nwd,A,Y38A,2.77,S,0.0585585586
2nwd,A,Y38F,-0.56,S,0.0585585586
2nwd,A,Y38G,2.54,S,0.0585585586
2nwd,A,T40A,1.24,T,0.014084507
2nwd,A,T40V,1.02,T,0.014084507
2nwd,A,Y45F,-0.98,E,0.5765765766
2nwd,A,G48A,1.53,T,1
2nwd,A,D49N,1,T,0.3865030675
2nwd,A,R50A,0.63,S,0.6370967742
2nwd,A,R50G,1.08,S,0.6370967742
2nwd,A,Y54F,0.98,E,0.1486486486
2nwd,A,I56A,2.32,T,0.0118343195
2nwd,A,I56F,3.54,T,0.0118343195
2nwd,A,I56M,1.49,T,0.0118343195
2nwd,A,I56T,2.31,T,0.0118343195
2nwd,A,Q58A,1.23,T,0.095959596
2nwd,A,Q58G,-1.61,T,0.095959596
2nwd,A,I59F,0.67,E,0.0177514793
2nwd,A,I59G,2.17,E,0.0177514793
2nwd,A,I59L,-0.7,E,0.0177514793
2nwd,A,I59M,0.8,E,0.0177514793
2nwd,A,I59S,2.05,E,0.0177514793
2nwd,A,I59T,1,E,0.0177514793
2nwd,A,I59V,1.19,E,0.0177514793
2nwd,A,I59Y,3.16,E,0.0177514793
2nwd,A,S61A,0.5,T,0
2nwd,A,D67N,2.25,-,0.2208588957
2nwd,A,G68A,0.97,S,0.6547619048
2nwd,A,T70A,0.58,S,0.0915492958
2nwd,A,T70V,0.62,S,0.0915492958
2nwd,A,P71G,0.51,T,0.5
2nwd,A,V74D,0.98,-,0.5281690141
2nwd,A,V74I,1.93,-,0.5281690141
2nwd,A,V74N,-1.16,-,0.5281690141
2nwd,A,V74R,1.44,-,0.5281690141
2nwd,A,V74Y,1.13,-,0.5281690141
2nwd,A,H78A,1.2,-,0.8532608696
2nwd,A,H78G,0.76,-,0.8532608696
2nwd,A,S80A,-0.82,B,0.4846153846
2nwd,A,S82A,-0.98,G,0.6538461538
2nwd,A,I89A,1.73,T,0.0295857988
2nwd,A,I89V,0.67,T,0.0295857988
2nwd,A,D91P,0.7,H,0.3865030675
2nwd,A,A92S,2.2,H,0.0377358491
2nwd,A,V93T,0.78,H,0.0211267606
2nwd,A,A96M,1.15,H,0
2nwd,A,A96S,0.98,H,0
2nwd,A,V99A,0.72,H,0.0070422535
2nwd,A,V99T,0.89,H,0.0070422535
2nwd,A,V100A,-0.82,H,0.0352112676
2nwd,A,V100F,2.42,H,0.0352112676
2nwd,A,V100T,0.82,H,0.0352112676
2nwd,A,D102N,0.67,S,0.4233128834
2nwd,A,G105A,1.06,G,0.1904761905
2nwd,A,I106A,0.8,G,0.1065088757
2nwd,A,I106V,1.31,G,0.1065088757
2nwd,A,V110A,-1.24,H,0.6338028169
2nwd,A,V110D,2.6,H,0.6338028169
2nwd,A,V110F,1.88,H,0.6338028169
2nwd,A,V110G,2.18,H,0.6338028169
2nwd,A,V110I,0.81,H,0.6338028169
2nwd,A,V110R,1.58,H,0.6338028169
2nwd,A,V110Y,0.84,H,0.6338028169
2nwd,A,N118G,1.68,T,1
2nwd,A,D120N,0.67,-,0.6319018405
2nwd,A,V121A,0.9,-,0.1126760563
2nwd,A,G127A,0.5,T,0.9523809524
2nwd,A,G129A,0.94,-,1
2nwd,A,V130A,0.5,None,None
1mjc,A,T67W,-0.7,E,0.323943662
3snf,A,M22L,2.22,T,0
3snf,A,F27A,5.04,T,0.0355329949
3snf,A,F27T,4.92,T,0.0355329949
3snf,A,F35Y,3.7,E,0.0152284264
2qmt,A,T2P,2.7,E,0.6616161616
2qmt,A,I6N,1.53,E,0.3727810651
2qmt,A,I6T,1.6,E,0.3727810651
2qmt,A,G9P,2.4,-,0.0357142857
2qmt,A,V21P,-0.5,S,0.8943661972
2qmt,A,A24P,0.5,H,0.5094339623
2qmt,A,A48P,0.7,T,0.8490566038
2qmt,A,T53F,-1.01,E,0.2323943662
2qmt,A,T53V,0.8,E,0.2323943662
2qmt,A,T53Y,-0.5,E,0.2323943662
1poh,A,K49A,-1.6,H,0.443902439
1poh,A,K49D,-1.8,H,0.443902439
1poh,A,K49E,-2.1,H,0.443902439
1poh,A,K49G,-1.2,H,0.443902439
1poh,A,K49M,-1,H,0.443902439
1poh,A,K49Q,-1.5,H,0.443902439
1poh,A,K49S,-1.2,H,0.443902439
1rbp,A,W24F,2.52,E,0
1rbp,A,W24L,2.6,E,0
1rbp,A,W24Y,2.2,E,0
1rbp,A,R139Q,2.6,S,0.3911290323
1rn1,C,V16A,2.34,H,0.014084507
1rn1,C,V16C,4.99,H,0.014084507
1rn1,C,V16S,4.69,H,0.014084507
1rn1,C,V16T,3.65,H,0.014084507
1rn1,C,Y24W,-1.24,H,0.1936936937
1rn1,C,Q25K,-1.4,H,0.4949494949
1rn1,C,N44A,1.6,-,0.1974522293
1rn1,C,N44D,1.6,-,0.1974522293
1rn1,C,N44S,1.5,-,0.1974522293
1rn1,C,Y45W,-0.74,T,0.8468468468
1rn1,C,D49A,-0.5,-,0.9693251534
1rn1,C,D49H,-1.1,-,0.9693251534
1rn1,C,D49Y,0.5,-,0.9693251534
1rn1,C,D49W,0.9,-,0.9693251534
1rn1,C,E58A,1,E,0.0515463918
1rn1,C,W59Y,0.93,E,0.0176211454
1rn1,C,D76A,3.8,E,0.018404908
1rn1,C,D76N,3.1,E,0.018404908
1rn1,C,D76S,3.1,E,0.018404908
1rn1,C,V78A,4.08,E,0
1rn1,C,V78S,4.87,E,0
1rn1,C,V78T,3.59,E,0
1rn1,C,V89C,3.54,E,0.0281690141
1rn1,C,V89T,3.07,E,0.0281690141
1rn1,C,H92A,1.53,S,0.25
1rro,A,P21A,0.74,T,0.5073529412
1rro,A,P26A,0.74,H,0.1323529412
1rwy,1,A21P,1.92,T,0.6226415094
1rwy,1,H26P,-1.25,H,0.1467391304
3ua7,A,F7A,1.34,E,0.1624365482
3ua7,A,F7L,1.99,E,0.1624365482
3ua7,A,A9G,1.56,E,0.0094339623
3ua7,A,A9S,1.26,E,0.0094339623
3ua7,A,L21F,1.2,-,0.0487804878
3ua7,A,L21I,0.69,-,0.0487804878
3ua7,A,L21V,1.63,-,0.0487804878
3ua7,A,F23L,1.11,B,0.1116751269
3ua7,A,F23V,1.88,B,0.1116751269
3ua7,A,E27A,1.27,-,0.0824742268
3ua7,A,E27D,-0.68,-,0.0824742268
3ua7,A,E27F,1.63,-,0.0824742268
3ua7,A,E27H,0.99,-,0.0824742268
3ua7,A,E27K,0.97,-,0.0824742268
3ua7,A,E27P,1.71,-,0.0824742268
3ua7,A,E27Q,0.74,-,0.0824742268
3ua7,A,E27S,1.64,-,0.0824742268
3ua7,A,E27T,0.6,-,0.0824742268
3ua7,A,E27V,2,-,0.0824742268
3ua7,A,E27Y,2.4,-,0.0824742268
3ua7,A,F29I,1.99,E,0
3ua7,A,F29L,0.76,E,0
3ua7,A,F29V,2.11,E,0
3ua7,A,I31L,1.01,E,0.2307692308
3ua7,A,W40F,0.55,E,0.2290748899
3ua7,A,W40V,0.99,E,0.2290748899
3ua7,A,A42G,1.35,E,0
3ua7,A,S44A,0.71,E,0.0384615385
3ua7,A,S44F,1.9,E,0.0384615385
3ua7,A,S44H,1.25,E,0.0384615385
3ua7,A,S44I,1.41,E,0.0384615385
3ua7,A,S44N,0.73,E,0.0384615385
3ua7,A,S44T,1.65,E,0.0384615385
3ua7,A,S44V,1.1,E,0.0384615385
3ua7,A,S44Y,2.27,E,0.0384615385
3ua7,A,I53L,0.75,E,0
3ua7,A,V58A,2.13,E,0.1056338028
3ua7,A,V58F,0.73,E,0.1056338028
1u06,A,D42G,-1.05,T,0.9938650307
1u06,A,A50G,0.55,G,0.7641509434
1sup,A,Q206C,-1.25,E,0.4090909091
1sup,A,Y217K,-0.72,E,0.2927927928
1sup,A,N218S,-1.07,-,0.6114649682
1pml,A,V67A,2,E,0.0652173913
1pml,A,V67L,1.9,E,0.0652173913
1pml,A,V67M,2.2,E,0.0652173913
1pml,A,V67S,2.4,E,0.0652173913
1pml,A,V67T,1,E,0.0652173913
1urp,A,S9A,1.3,S,0.0076923077
1urp,A,N13A,1,S,0.4267515924
1urp,A,F15A,3.1,H,0.2131979695
1urp,A,N64A,3.2,-,0
1urp,A,I132A,0.57,S,0.4556213018
1wq5,A,E49G,-0.6,E,0.0154639175
1wq5,A,C81V,1.71,H,0.1008064516
1wq5,A,C118A,-1.07,E,0.0070422535
1wq5,A,C118S,-1.24,E,0.0070422535
1wq5,A,C118V,-1.19,E,0.0070422535
1wq5,A,P132G,0.75,H,0.2862903226
1wq5,A,C154A,0.54,H,0.256097561
1wq5,A,C154S,1.4,H,0.256097561
1wq5,A,C154V,-0.91,H,0.256097561
1wq5,A,P207A,1.85,H,0.375
1wq5,A,G211E,-0.53,H,0.4634146341
1wq5,A,G211R,-0.53,H,0.4634146341
4n0k,A,F16I,0.91,H,0.556097561
4n0k,A,F16M,3.32,H,0.556097561
4n0k,A,F16W,1.34,H,0.556097561
4n0k,A,F16Y,0.67,H,0.556097561
4n0k,A,V26C,1.06,S,0.5721649485
4n0k,A,T75E,-1.5,-,0.3312101911
4n0k,A,K79W,1.6,H,0.1531531532
4n0k,A,P82G,0.78,T,0.6071428571
4n0k,A,P82L,3.44,T,0.6071428571
4n0k,A,P82R,0.97,T,0.6071428571
4n0k,A,P82S,1.89,T,0.6071428571
4n0k,A,P82V,1.07,T,0.6071428571
4n0k,A,P82W,2.38,T,0.6071428571
4n0k,A,P82Y,2.07,T,0.6071428571
4n0k,A,F88Y,0.7,-,0.7023809524
4n0k,A,L91A,2.8,-,0.6
4n0k,A,L100A,3.82,H,0
4n0k,A,L100T,3.27,H,0
4n0k,A,L100V,0.72,H,0
4n0k,A,T102A,-1,H,0.1801801802
4n0k,A,C108A,-2.9,None,None
4n0k,A,C108S,-2.8,None,None
4n0k,A,C108T,-0.8,None,None
4n0k,A,N58A,-0.63,H,0.3668639053
4n0k,A,N58H,1.27,H,0.3668639053
4n0k,A,N58I,-2.02,H,0.3668639053
4n0k,A,N58L,-2.56,H,0.3668639053
4n0k,A,N58M,-2.25,H,0.3668639053
4n0k,A,N58S,1.29,H,0.3668639053
4n0k,A,N58T,0.53,H,0.3668639053
4n0k,A,N58V,-1.67,H,0.3668639053
1yea,A,N62I,-2.4,H,0.4142011834
1yu5,X,H32Y,-1.1,G,0.0434782609
1zym,B,H187A,0.9,H,0.3152173913
1zym,B,H187E,1.31,H,0.3152173913
2ci2,I,L9A,2.66,G,0
2ci2,I,S13A,0.84,B,0.2076923077
2ci2,I,S13G,1,B,0.2076923077
2ci2,I,I21V,1.2,H,0
2ci2,I,P26A,1.82,T,0.7205882353
2ci2,I,E27A,0.82,T,0.4536082474
2ci2,I,I30V,0.92,E,0.1183431953
2ci2,I,V52A,2.17,E,0.0422535211
2hbb,A,K12M,-1.9,T,0.4585365854
2hbb,A,D23N,0.72,H,0.6625766871
2hip,A,Y12F,2.3,-,0.0315315315
3fa0,A,I3A,0.7,H,0.1065088757
3fa0,A,I3D,3.2,H,0.1065088757
3fa0,A,I3E,2,H,0.1065088757
3fa0,A,I3F,1.1,H,0.1065088757
3fa0,A,I3G,2.1,H,0.1065088757
3fa0,A,I3M,0.9,H,0.1065088757
3fa0,A,I3P,2.53,H,0.1065088757
3fa0,A,I3S,1.7,H,0.1065088757
3fa0,A,I3T,2.3,H,0.1065088757
3fa0,A,I3W,2.8,H,0.1065088757
3fa0,A,I3Y,2.3,H,0.1065088757
3fa0,A,M6I,1.38,H,0
3fa0,A,E11A,-1.1,H,0.175257732
3fa0,A,E11F,-1.7,H,0.175257732
3fa0,A,E11M,-1.6,H,0.175257732
3fa0,A,K16E,-0.5,E,0.6341463415
3fa0,A,G30F,1.5,T,0.1547619048
3fa0,A,S38A,0.77,-,0.3769230769
3fa0,A,L39P,2.8,H,0.4756097561
3fa0,A,C54V,0.7,-,0.0666666667
3fa0,A,N55G,0.6,T,0.6751592357
3fa0,A,A82P,-0.8,T,0.8773584906
3fa0,A,R96H,2.8,H,0.2943548387
3fa0,A,A98V,8.05,H,0
3fa0,A,M102V,3.9,H,0.0159574468
3fa0,A,Q105A,0.6,H,0.2828282828
3fa0,A,Q105E,1.1,H,0.2828282828
3fa0,A,Q105G,1.5,H,0.2828282828
3fa0,A,S117F,-1.1,H,0
3fa0,A,S117I,-1.7,H,0
3fa0,A,S117V,-2,H,0
3fa0,A,E128K,1.33,H,0.4587628866
3fa0,A,A129V,0.8,H,0
3fa0,A,V131G,0.68,H,0.6267605634
3fa0,A,N132F,-1.3,H,0.3248407643
3fa0,A,N132I,-1.2,H,0.3248407643
3fa0,A,N132M,-1.5,H,0.3248407643
3fa0,A,L133A,3.6,H,0.012195122
3fa0,A,K135E,1,S,0.7024390244
3fa0,A,W138Y,1.71,H,0.0881057269
3fa0,A,P143A,1,H,0.3455882353
3fa0,A,A146T,4.07,H,0
3fa0,A,K147E,0.7,H,0.5073170732
3fa0,A,V149C,2.44,H,0
3fa0,A,T152S,2.88,H,0
3fa0,A,R154E,1.1,H,0.5524193548
3fa0,A,G156D,2.3,S,0.2023809524
3fa0,A,T157A,1.4,S,0.3450704225
3fa0,A,T157C,1.3,S,0.3450704225
3fa0,A,T157E,1.5,S,0.3450704225
3fa0,A,T157F,2.4,S,0.3450704225
3fa0,A,T157G,1.1,S,0.3450704225
3fa0,A,T157H,2.1,S,0.3450704225
3fa0,A,T157I,2.9,S,0.3450704225
3fa0,A,T157L,1.3,S,0.3450704225
3fa0,A,T157D,1.1,S,0.3450704225
3fa0,A,T157R,1.3,S,0.3450704225
3fa0,A,T157S,0.66,S,0.3450704225
3fa0,A,T157V,1.6,S,0.3450704225
3fa0,A,A160T,1.65,T,0.2924528302
2rn2,A,D10A,-1.72,E,0.0613496933
2rn2,A,D10E,-0.52,E,0.0613496933
2rn2,A,D10H,-1.15,E,0.0613496933
2rn2,A,D10N,-0.98,E,0.0613496933
2rn2,A,D10S,-1.27,E,0.0613496933
2rn2,A,G23A,-1.02,E,0
2rn2,A,A24V,-0.88,E,0
2rn2,A,A52C,-0.76,H,0
2rn2,A,A52D,1.85,H,0
2rn2,A,A52E,1.52,H,0
2rn2,A,A52G,2.71,H,0
2rn2,A,A52H,3.59,H,0
2rn2,A,A52I,-1.88,H,0
2rn2,A,A52K,5.93,H,0
2rn2,A,A52L,-1.31,H,0
2rn2,A,A52N,1.79,H,0
2rn2,A,A52P,1.64,H,0
2rn2,A,A52Q,1.19,H,0
2rn2,A,A52S,1.76,H,0
2rn2,A,A52T,0.82,H,0
2rn2,A,A52V,-1.67,H,0
2rn2,A,A52Y,2.31,H,0
2rn2,A,H62A,-0.55,-,0.7608695652
2rn2,A,H62P,-2.21,-,0.7608695652
2rn2,A,S68G,2.4,E,0.0153846154
2rn2,A,S68V,-0.57,E,0.0153846154
2rn2,A,D70A,-0.58,-,0.3067484663
2rn2,A,D70N,-0.81,-,0.3067484663
2rn2,A,V74A,3.4,H,0.014084507
2rn2,A,V74I,-0.6,H,0.014084507
2rn2,A,V74L,-1.1,H,0.014084507
2rn2,A,G77A,0.9,I,0
2rn2,A,K95G,-1.28,S,0.7414634146
2rn2,A,K95N,-0.88,S,0.7414634146
2rn2,A,Q113P,0.6,T,0.5151515152
2rn2,A,E119V,-0.74,E,0.3917525773
2rn2,A,D134A,-0.98,H,0.5030674847
2rn2,A,D134E,-0.91,H,0.5030674847
2rn2,A,D134H,-2.97,H,0.5030674847
2rn2,A,D134I,-1.37,H,0.5030674847
2rn2,A,D134L,-1.54,H,0.5030674847
2rn2,A,D134N,-1.64,H,0.5030674847
2rn2,A,D134Q,-1.33,H,0.5030674847
2rn2,A,D134S,-1.14,H,0.5030674847
2rn2,A,D134T,-1.07,H,0.5030674847
2rn2,A,D134V,-1.2,H,0.5030674847
2trx,A,D26I,-3.1,E,0.018404908
2trx,A,C32A,3.7,-,0.037037037
2trx,A,C35A,3.1,H,0.0148148148
2trx,A,P40S,-1.45,H,0.5514705882
2trx,A,T66L,1.4,S,0.0915492958
2trx,A,T77V,1.1,E,0.0492957746
2trx,A,L78K,3.9,E,0
2trx,A,L78R,4,E,0
3d2c,A,M132E,-3.02,S,0.7393617021
3d2c,A,M135P,-3.34,-,0.6010638298
3d2c,A,S161P,-2.11,H,0.7384615385
3q27,A,P48A,2.7,H,0
3q27,A,P48S,2.55,H,0
3q27,A,P133A,7.8,H,0.0236686391
3q27,A,P133S,-1.16,H,0.0236686391
3q27,A,P159S,4.72,H,0
3sil,A,A50L,-0.81,E,0
3sil,A,A66V,-0.62,E,0
451c,A,F7A,-1.1,H,0.0609137056
451c,A,F34Y,-1.9,H,0.1116751269
451c,A,Q37R,-0.5,-,0.5
451c,A,E43Y,-0.6,H,0.4948453608
451c,A,V78I,-1,H,0.0492957746
4blm,A,S96C,-0.5,S,0.3063063063
4blm,A,S235C,1.66,T,0.6097560976
2vb1,A,M12L,0.57,H,0.0053191489
2vb1,A,H15L,-0.76,T,0.2717391304
2vb1,A,N19K,1.06,T,0.6496815287
2vb1,A,A31I,-1.4,H,0
2vb1,A,A31L,-1.8,H,0
2vb1,A,A31V,-1.2,H,0
2vb1,A,T40I,2.2,T,0.0211267606
2vb1,A,G49A,0.73,S,0.3928571429
2vb1,A,I55A,4.4,T,0.0118343195
2vb1,A,I55F,2.46,T,0.0118343195
2vb1,A,I55M,2.27,T,0.0118343195
2vb1,A,I55T,4.96,T,0.0118343195
2vb1,A,I55V,0.91,T,0.0118343195
2vb1,A,G67A,0.52,S,0.7142857143
2vb1,A,G71A,2.12,T,0.5357142857
2vb1,A,S91D,2.31,H,0.0384615385
2vb1,A,S91T,-1,H,0.0384615385
2vb1,A,S91Y,3.07,H,0.0384615385
2vb1,A,D101A,-0.76,T,0.4478527607
2vb1,A,D101F,-0.72,T,0.4478527607
2vb1,A,D101S,-0.87,T,0.4478527607
2vb1,A,G102A,1.2,T,0.6547619048
2vb1,A,R114H,-0.68,H,0.5846774194
2vb1,A,G117A,0.82,T,0.9761904762
1bpi,A,F22A,1.2,E,0.1116751269
1bpi,A,Y35A,5,E,0.0900900901
1bpi,A,G36S,0.7,-,0
1bpi,A,K15A,1.46,-,0.9365853659
1bpi,A,K15F,1.4,-,0.9365853659
1bpi,A,K15G,-0.79,-,0.9365853659
1bpi,A,K15H,-0.92,-,0.9365853659
1bpi,A,K15I,1.46,-,0.9365853659
1bpi,A,K15N,0.93,-,0.9365853659
1bpi,A,K15Q,0.54,-,0.9365853659
1bpi,A,K15R,-0.52,-,0.9365853659
1bpi,A,K15T,-0.86,-,0.9365853659
1bpi,A,K15V,1.12,-,0.9365853659
1bpi,A,K15W,2.04,-,0.9365853659
1bpi,A,K15Y,1.09,-,0.9365853659
